PORT_NAME,Month,Visit_Count,Main_Port_Name,port_geography
"Albany Port District, NY",2022-01,6,"Albany Port District, NY",POINT(-73.74816 42.64271)
"Albany Port District, NY",2022-02,7,"Albany Port District, NY",POINT(-73.74816 42.64271)
"Albany Port District, NY",2022-03,7,"Albany Port District, NY",POINT(-73.74816 42.64271)
"Albany Port District, NY",2022-04,10,"Albany Port District, NY",POINT(-73.74816 42.64271)
"Albany Port District, NY",2022-05,5,"Albany Port District, NY",POINT(-73.74816 42.64271)
"Albany Port District, NY",2022-06,7,"Albany Port District, NY",POINT(-73.74816 42.64271)
"Albany Port District, NY",2022-07,7,"Albany Port District, NY",POINT(-73.74816 42.64271)
"Albany Port District, NY",2022-08,6,"Albany Port District, NY",POINT(-73.74816 42.64271)
"Albany Port District, NY",2022-09,5,"Albany Port District, NY",POINT(-73.74816 42.64271)
"Albany Port District, NY",2022-10,6,"Albany Port District, NY",POINT(-73.74816 42.64271)
"Albany Port District, NY",2022-11,7,"Albany Port District, NY",POINT(-73.74816 42.64271)
"Albany Port District, NY",2022-12,8,"Albany Port District, NY",POINT(-73.74816 42.64271)
"Alpena, MI",2022-01,2,"Alpena, MI",POINT(-83.42173 45.06197)
"Alpena, MI",2022-04,5,"Alpena, MI",POINT(-83.42173 45.06197)
"Alpena, MI",2022-05,6,"Alpena, MI",POINT(-83.42173 45.06197)
"Alpena, MI",2022-06,6,"Alpena, MI",POINT(-83.42173 45.06197)
"Alpena, MI",2022-07,5,"Alpena, MI",POINT(-83.42173 45.06197)
"Alpena, MI",2022-08,4,"Alpena, MI",POINT(-83.42173 45.06197)
"Alpena, MI",2022-09,8,"Alpena, MI",POINT(-83.42173 45.06197)
"Alpena, MI",2022-10,6,"Alpena, MI",POINT(-83.42173 45.06197)
"Alpena, MI",2022-11,7,"Alpena, MI",POINT(-83.42173 45.06197)
"Alpena, MI",2022-12,7,"Alpena, MI",POINT(-83.42173 45.06197)
"Anacortes, WA",2022-01,31,"Anacortes, WA",POINT(-122.59961 48.49594)
"Anacortes, WA",2022-02,21,"Anacortes, WA",POINT(-122.59961 48.49594)
"Anacortes, WA",2022-03,24,"Anacortes, WA",POINT(-122.59961 48.49594)
"Anacortes, WA",2022-04,33,"Anacortes, WA",POINT(-122.59961 48.49594)
"Anacortes, WA",2022-05,28,"Anacortes, WA",POINT(-122.59961 48.49594)
"Anacortes, WA",2022-06,33,"Anacortes, WA",POINT(-122.59961 48.49594)
"Anacortes, WA",2022-07,34,"Anacortes, WA",POINT(-122.59961 48.49594)
"Anacortes, WA",2022-08,31,"Anacortes, WA",POINT(-122.59961 48.49594)
"Anacortes, WA",2022-09,23,"Anacortes, WA",POINT(-122.59961 48.49594)
"Anacortes, WA",2022-10,35,"Anacortes, WA",POINT(-122.59961 48.49594)
"Anacortes, WA",2022-11,28,"Anacortes, WA",POINT(-122.59961 48.49594)
"Anacortes, WA",2022-12,20,"Anacortes, WA",POINT(-122.59961 48.49594)
"Ashtabula Port Authority, OH",2022-01,5,"Ashtabula Port Authority, OH",POINT(-80.79398 41.90369)
"Ashtabula Port Authority, OH",2022-03,2,"Ashtabula Port Authority, OH",POINT(-80.79398 41.90369)
"Ashtabula Port Authority, OH",2022-04,4,"Ashtabula Port Authority, OH",POINT(-80.79398 41.90369)
"Ashtabula Port Authority, OH",2022-05,5,"Ashtabula Port Authority, OH",POINT(-80.79398 41.90369)
"Ashtabula Port Authority, OH",2022-06,4,"Ashtabula Port Authority, OH",POINT(-80.79398 41.90369)
"Ashtabula Port Authority, OH",2022-07,5,"Ashtabula Port Authority, OH",POINT(-80.79398 41.90369)
"Ashtabula Port Authority, OH",2022-08,6,"Ashtabula Port Authority, OH",POINT(-80.79398 41.90369)
"Ashtabula Port Authority, OH",2022-09,7,"Ashtabula Port Authority, OH",POINT(-80.79398 41.90369)
"Ashtabula Port Authority, OH",2022-11,2,"Ashtabula Port Authority, OH",POINT(-80.79398 41.90369)
"Ashtabula Port Authority, OH",2022-12,8,"Ashtabula Port Authority, OH",POINT(-80.79398 41.90369)
"Baltimore, MD",2022-01,150,"Baltimore, MD",POINT(-76.56164 39.25083)
"Baltimore, MD",2022-02,135,"Baltimore, MD",POINT(-76.56164 39.25083)
"Baltimore, MD",2022-03,148,"Baltimore, MD",POINT(-76.56164 39.25083)
"Baltimore, MD",2022-04,143,"Baltimore, MD",POINT(-76.56164 39.25083)
"Baltimore, MD",2022-05,149,"Baltimore, MD",POINT(-76.56164 39.25083)
"Baltimore, MD",2022-06,148,"Baltimore, MD",POINT(-76.56164 39.25083)
"Baltimore, MD",2022-07,140,"Baltimore, MD",POINT(-76.56164 39.25083)
"Baltimore, MD",2022-08,153,"Baltimore, MD",POINT(-76.56164 39.25083)
"Baltimore, MD",2022-09,137,"Baltimore, MD",POINT(-76.56164 39.25083)
"Baltimore, MD",2022-10,141,"Baltimore, MD",POINT(-76.56164 39.25083)
"Baltimore, MD",2022-11,126,"Baltimore, MD",POINT(-76.56164 39.25083)
"Baltimore, MD",2022-12,151,"Baltimore, MD",POINT(-76.56164 39.25083)
"Beaumont, TX",2022-01,16,"Beaumont, TX",POINT(-94.09499 30.08487)
"Beaumont, TX",2022-02,7,"Beaumont, TX",POINT(-94.09499 30.08487)
"Beaumont, TX",2022-03,13,"Beaumont, TX",POINT(-94.09499 30.08487)
"Beaumont, TX",2022-04,17,"Beaumont, TX",POINT(-94.09499 30.08487)
"Beaumont, TX",2022-05,13,"Beaumont, TX",POINT(-94.09499 30.08487)
"Beaumont, TX",2022-06,13,"Beaumont, TX",POINT(-94.09499 30.08487)
"Beaumont, TX",2022-07,15,"Beaumont, TX",POINT(-94.09499 30.08487)
"Beaumont, TX",2022-08,15,"Beaumont, TX",POINT(-94.09499 30.08487)
"Beaumont, TX",2022-09,11,"Beaumont, TX",POINT(-94.09499 30.08487)
"Beaumont, TX",2022-10,18,"Beaumont, TX",POINT(-94.09499 30.08487)
"Beaumont, TX",2022-11,6,"Beaumont, TX",POINT(-94.09499 30.08487)
"Beaumont, TX",2022-12,12,"Beaumont, TX",POINT(-94.09499 30.08487)
"Boston, MA",2022-01,18,"Boston, MA",POINT(-71.05229 42.35094)
"Boston, MA",2022-02,16,"Boston, MA",POINT(-71.05229 42.35094)
"Boston, MA",2022-03,16,"Boston, MA",POINT(-71.05229 42.35094)
"Boston, MA",2022-04,8,"Boston, MA",POINT(-71.05229 42.35094)
"Boston, MA",2022-05,11,"Boston, MA",POINT(-71.05229 42.35094)
"Boston, MA",2022-06,10,"Boston, MA",POINT(-71.05229 42.35094)
"Boston, MA",2022-07,16,"Boston, MA",POINT(-71.05229 42.35094)
"Boston, MA",2022-08,14,"Boston, MA",POINT(-71.05229 42.35094)
"Boston, MA",2022-09,13,"Boston, MA",POINT(-71.05229 42.35094)
"Boston, MA",2022-10,26,"Boston, MA",POINT(-71.05229 42.35094)
"Boston, MA",2022-11,26,"Boston, MA",POINT(-71.05229 42.35094)
"Boston, MA",2022-12,29,"Boston, MA",POINT(-71.05229 42.35094)
"Bridgeport, CT",2022-01,2,"Bridgeport, CT",POINT(-73.17886 41.172)
"Bridgeport, CT",2022-02,1,"Bridgeport, CT",POINT(-73.17886 41.172)
"Bridgeport, CT",2022-03,1,"Bridgeport, CT",POINT(-73.17886 41.172)
"Bridgeport, CT",2022-05,4,"Bridgeport, CT",POINT(-73.17886 41.172)
"Bridgeport, CT",2022-07,2,"Bridgeport, CT",POINT(-73.17886 41.172)
"Bridgeport, CT",2022-11,3,"Bridgeport, CT",POINT(-73.17886 41.172)
"Bridgeport, CT",2022-12,2,"Bridgeport, CT",POINT(-73.17886 41.172)
"Brownsville, TX",2022-01,17,"Brownsville, TX",POINT(-97.39814 25.9522)
"Brownsville, TX",2022-02,11,"Brownsville, TX",POINT(-97.39814 25.9522)
"Brownsville, TX",2022-03,10,"Brownsville, TX",POINT(-97.39814 25.9522)
"Brownsville, TX",2022-04,12,"Brownsville, TX",POINT(-97.39814 25.9522)
"Brownsville, TX",2022-05,13,"Brownsville, TX",POINT(-97.39814 25.9522)
"Brownsville, TX",2022-06,15,"Brownsville, TX",POINT(-97.39814 25.9522)
"Brownsville, TX",2022-07,14,"Brownsville, TX",POINT(-97.39814 25.9522)
"Brownsville, TX",2022-08,12,"Brownsville, TX",POINT(-97.39814 25.9522)
"Brownsville, TX",2022-09,12,"Brownsville, TX",POINT(-97.39814 25.9522)
"Brownsville, TX",2022-10,12,"Brownsville, TX",POINT(-97.39814 25.9522)
"Brownsville, TX",2022-11,13,"Brownsville, TX",POINT(-97.39814 25.9522)
"Brownsville, TX",2022-12,13,"Brownsville, TX",POINT(-97.39814 25.9522)
"Calhoun Port Authority, TX",2022-01,3,"Calhoun Port Authority, TX",POINT(-96.59232 28.62939)
"Calhoun Port Authority, TX",2022-03,3,"Calhoun Port Authority, TX",POINT(-96.59232 28.62939)
"Calhoun Port Authority, TX",2022-04,2,"Calhoun Port Authority, TX",POINT(-96.59232 28.62939)
"Calhoun Port Authority, TX",2022-05,1,"Calhoun Port Authority, TX",POINT(-96.59232 28.62939)
"Calhoun Port Authority, TX",2022-06,2,"Calhoun Port Authority, TX",POINT(-96.59232 28.62939)
"Calhoun Port Authority, TX",2022-07,1,"Calhoun Port Authority, TX",POINT(-96.59232 28.62939)
"Calhoun Port Authority, TX",2022-08,1,"Calhoun Port Authority, TX",POINT(-96.59232 28.62939)
"Calhoun Port Authority, TX",2022-09,2,"Calhoun Port Authority, TX",POINT(-96.59232 28.62939)
"Calhoun Port Authority, TX",2022-10,2,"Calhoun Port Authority, TX",POINT(-96.59232 28.62939)
"Calhoun Port Authority, TX",2022-11,2,"Calhoun Port Authority, TX",POINT(-96.59232 28.62939)
"Calhoun Port Authority, TX",2022-12,1,"Calhoun Port Authority, TX",POINT(-96.59232 28.62939)
"Canaveral Port District, FL",2022-01,21,"Canaveral Port District, FL",POINT(-80.60815 28.41409)
"Canaveral Port District, FL",2022-02,18,"Canaveral Port District, FL",POINT(-80.60815 28.41409)
"Canaveral Port District, FL",2022-03,20,"Canaveral Port District, FL",POINT(-80.60815 28.41409)
"Canaveral Port District, FL",2022-04,18,"Canaveral Port District, FL",POINT(-80.60815 28.41409)
"Canaveral Port District, FL",2022-05,15,"Canaveral Port District, FL",POINT(-80.60815 28.41409)
"Canaveral Port District, FL",2022-06,19,"Canaveral Port District, FL",POINT(-80.60815 28.41409)
"Canaveral Port District, FL",2022-07,18,"Canaveral Port District, FL",POINT(-80.60815 28.41409)
"Canaveral Port District, FL",2022-08,19,"Canaveral Port District, FL",POINT(-80.60815 28.41409)
"Canaveral Port District, FL",2022-09,14,"Canaveral Port District, FL",POINT(-80.60815 28.41409)
"Canaveral Port District, FL",2022-10,20,"Canaveral Port District, FL",POINT(-80.60815 28.41409)
"Canaveral Port District, FL",2022-11,24,"Canaveral Port District, FL",POINT(-80.60815 28.41409)
"Canaveral Port District, FL",2022-12,24,"Canaveral Port District, FL",POINT(-80.60815 28.41409)
"Clark Township, MI",2022-04,9,"Clark Township, MI",POINT(-84.31281 45.99139)
"Clark Township, MI",2022-05,14,"Clark Township, MI",POINT(-84.31281 45.99139)
"Clark Township, MI",2022-06,15,"Clark Township, MI",POINT(-84.31281 45.99139)
"Clark Township, MI",2022-07,17,"Clark Township, MI",POINT(-84.31281 45.99139)
"Clark Township, MI",2022-08,11,"Clark Township, MI",POINT(-84.31281 45.99139)
"Clark Township, MI",2022-09,8,"Clark Township, MI",POINT(-84.31281 45.99139)
"Clark Township, MI",2022-10,11,"Clark Township, MI",POINT(-84.31281 45.99139)
"Clark Township, MI",2022-11,12,"Clark Township, MI",POINT(-84.31281 45.99139)
"Clark Township, MI",2022-12,3,"Clark Township, MI",POINT(-84.31281 45.99139)
"Cleveland-Cuyahoga Port, OH",2022-01,4,"Cleveland-Cuyahoga Port, OH",POINT(-81.67191 41.47852)
"Cleveland-Cuyahoga Port, OH",2022-02,1,"Cleveland-Cuyahoga Port, OH",POINT(-81.67191 41.47852)
"Cleveland-Cuyahoga Port, OH",2022-03,1,"Cleveland-Cuyahoga Port, OH",POINT(-81.67191 41.47852)
"Cleveland-Cuyahoga Port, OH",2022-04,16,"Cleveland-Cuyahoga Port, OH",POINT(-81.67191 41.47852)
"Cleveland-Cuyahoga Port, OH",2022-05,22,"Cleveland-Cuyahoga Port, OH",POINT(-81.67191 41.47852)
"Cleveland-Cuyahoga Port, OH",2022-06,30,"Cleveland-Cuyahoga Port, OH",POINT(-81.67191 41.47852)
"Cleveland-Cuyahoga Port, OH",2022-07,27,"Cleveland-Cuyahoga Port, OH",POINT(-81.67191 41.47852)
"Cleveland-Cuyahoga Port, OH",2022-08,28,"Cleveland-Cuyahoga Port, OH",POINT(-81.67191 41.47852)
"Cleveland-Cuyahoga Port, OH",2022-09,28,"Cleveland-Cuyahoga Port, OH",POINT(-81.67191 41.47852)
"Cleveland-Cuyahoga Port, OH",2022-10,31,"Cleveland-Cuyahoga Port, OH",POINT(-81.67191 41.47852)
"Cleveland-Cuyahoga Port, OH",2022-11,29,"Cleveland-Cuyahoga Port, OH",POINT(-81.67191 41.47852)
"Cleveland-Cuyahoga Port, OH",2022-12,26,"Cleveland-Cuyahoga Port, OH",POINT(-81.67191 41.47852)
"Conneaut, OH",2022-01,3,"Conneaut, OH",POINT(-80.5486 41.96671)
"Conneaut, OH",2022-03,3,"Conneaut, OH",POINT(-80.5486 41.96671)
"Conneaut, OH",2022-04,5,"Conneaut, OH",POINT(-80.5486 41.96671)
"Conneaut, OH",2022-05,6,"Conneaut, OH",POINT(-80.5486 41.96671)
"Conneaut, OH",2022-06,3,"Conneaut, OH",POINT(-80.5486 41.96671)
"Conneaut, OH",2022-07,6,"Conneaut, OH",POINT(-80.5486 41.96671)
"Conneaut, OH",2022-08,3,"Conneaut, OH",POINT(-80.5486 41.96671)
"Conneaut, OH",2022-09,7,"Conneaut, OH",POINT(-80.5486 41.96671)
"Conneaut, OH",2022-10,3,"Conneaut, OH",POINT(-80.5486 41.96671)
"Conneaut, OH",2022-11,5,"Conneaut, OH",POINT(-80.5486 41.96671)
"Conneaut, OH",2022-12,3,"Conneaut, OH",POINT(-80.5486 41.96671)
"Coos Bay OR, Port of",2022-01,6,"Coos Bay OR, Port of",POINT(-124.2095 43.36351)
"Coos Bay OR, Port of",2022-02,4,"Coos Bay OR, Port of",POINT(-124.2095 43.36351)
"Coos Bay OR, Port of",2022-03,6,"Coos Bay OR, Port of",POINT(-124.2095 43.36351)
"Coos Bay OR, Port of",2022-04,6,"Coos Bay OR, Port of",POINT(-124.2095 43.36351)
"Coos Bay OR, Port of",2022-05,5,"Coos Bay OR, Port of",POINT(-124.2095 43.36351)
"Coos Bay OR, Port of",2022-06,8,"Coos Bay OR, Port of",POINT(-124.2095 43.36351)
"Coos Bay OR, Port of",2022-07,3,"Coos Bay OR, Port of",POINT(-124.2095 43.36351)
"Coos Bay OR, Port of",2022-08,4,"Coos Bay OR, Port of",POINT(-124.2095 43.36351)
"Coos Bay OR, Port of",2022-09,7,"Coos Bay OR, Port of",POINT(-124.2095 43.36351)
"Coos Bay OR, Port of",2022-10,6,"Coos Bay OR, Port of",POINT(-124.2095 43.36351)
"Coos Bay OR, Port of",2022-11,6,"Coos Bay OR, Port of",POINT(-124.2095 43.36351)
"Coos Bay OR, Port of",2022-12,6,"Coos Bay OR, Port of",POINT(-124.2095 43.36351)
"Corpus Christi, TX",2022-01,27,"Corpus Christi, TX",POINT(-97.39789 27.81277)
"Corpus Christi, TX",2022-02,25,"Corpus Christi, TX",POINT(-97.39789 27.81277)
"Corpus Christi, TX",2022-03,31,"Corpus Christi, TX",POINT(-97.39789 27.81277)
"Corpus Christi, TX",2022-04,26,"Corpus Christi, TX",POINT(-97.39789 27.81277)
"Corpus Christi, TX",2022-05,24,"Corpus Christi, TX",POINT(-97.39789 27.81277)
"Corpus Christi, TX",2022-06,23,"Corpus Christi, TX",POINT(-97.39789 27.81277)
"Corpus Christi, TX",2022-07,27,"Corpus Christi, TX",POINT(-97.39789 27.81277)
"Corpus Christi, TX",2022-08,19,"Corpus Christi, TX",POINT(-97.39789 27.81277)
"Corpus Christi, TX",2022-09,19,"Corpus Christi, TX",POINT(-97.39789 27.81277)
"Corpus Christi, TX",2022-10,22,"Corpus Christi, TX",POINT(-97.39789 27.81277)
"Corpus Christi, TX",2022-11,18,"Corpus Christi, TX",POINT(-97.39789 27.81277)
"Corpus Christi, TX",2022-12,15,"Corpus Christi, TX",POINT(-97.39789 27.81277)
"Detroit-Wayne County Port, MI",2022-01,17,"Detroit-Wayne County Port, MI",POINT(-83.10959 42.26909)
"Detroit-Wayne County Port, MI",2022-02,1,"Detroit-Wayne County Port, MI",POINT(-83.10959 42.26909)
"Detroit-Wayne County Port, MI",2022-03,10,"Detroit-Wayne County Port, MI",POINT(-83.10959 42.26909)
"Detroit-Wayne County Port, MI",2022-04,40,"Detroit-Wayne County Port, MI",POINT(-83.10959 42.26909)
"Detroit-Wayne County Port, MI",2022-05,50,"Detroit-Wayne County Port, MI",POINT(-83.10959 42.26909)
"Detroit-Wayne County Port, MI",2022-06,47,"Detroit-Wayne County Port, MI",POINT(-83.10959 42.26909)
"Detroit-Wayne County Port, MI",2022-07,43,"Detroit-Wayne County Port, MI",POINT(-83.10959 42.26909)
"Detroit-Wayne County Port, MI",2022-08,53,"Detroit-Wayne County Port, MI",POINT(-83.10959 42.26909)
"Detroit-Wayne County Port, MI",2022-09,44,"Detroit-Wayne County Port, MI",POINT(-83.10959 42.26909)
"Detroit-Wayne County Port, MI",2022-10,64,"Detroit-Wayne County Port, MI",POINT(-83.10959 42.26909)
"Detroit-Wayne County Port, MI",2022-11,60,"Detroit-Wayne County Port, MI",POINT(-83.10959 42.26909)
"Detroit-Wayne County Port, MI",2022-12,64,"Detroit-Wayne County Port, MI",POINT(-83.10959 42.26909)
"Drummond Island, MI",2022-01,1,"Drummond Island, MI",POINT(-83.87892 45.98873)
"Drummond Island, MI",2022-04,15,"Drummond Island, MI",POINT(-83.87892 45.98873)
"Drummond Island, MI",2022-05,7,"Drummond Island, MI",POINT(-83.87892 45.98873)
"Drummond Island, MI",2022-06,8,"Drummond Island, MI",POINT(-83.87892 45.98873)
"Drummond Island, MI",2022-07,2,"Drummond Island, MI",POINT(-83.87892 45.98873)
"Drummond Island, MI",2022-08,8,"Drummond Island, MI",POINT(-83.87892 45.98873)
"Drummond Island, MI",2022-09,6,"Drummond Island, MI",POINT(-83.87892 45.98873)
"Drummond Island, MI",2022-10,18,"Drummond Island, MI",POINT(-83.87892 45.98873)
"Drummond Island, MI",2022-11,18,"Drummond Island, MI",POINT(-83.87892 45.98873)
"Drummond Island, MI",2022-12,16,"Drummond Island, MI",POINT(-83.87892 45.98873)
"Duluth-Superior, MN and WI",2022-01,27,"Duluth-Superior, MN and WI",POINT(-92.09641 46.77836)
"Duluth-Superior, MN and WI",2022-03,2,"Duluth-Superior, MN and WI",POINT(-92.09641 46.77836)
"Duluth-Superior, MN and WI",2022-04,53,"Duluth-Superior, MN and WI",POINT(-92.09641 46.77836)
"Duluth-Superior, MN and WI",2022-05,60,"Duluth-Superior, MN and WI",POINT(-92.09641 46.77836)
"Duluth-Superior, MN and WI",2022-06,52,"Duluth-Superior, MN and WI",POINT(-92.09641 46.77836)
"Duluth-Superior, MN and WI",2022-07,67,"Duluth-Superior, MN and WI",POINT(-92.09641 46.77836)
"Duluth-Superior, MN and WI",2022-08,74,"Duluth-Superior, MN and WI",POINT(-92.09641 46.77836)
"Duluth-Superior, MN and WI",2022-09,72,"Duluth-Superior, MN and WI",POINT(-92.09641 46.77836)
"Duluth-Superior, MN and WI",2022-10,59,"Duluth-Superior, MN and WI",POINT(-92.09641 46.77836)
"Duluth-Superior, MN and WI",2022-11,67,"Duluth-Superior, MN and WI",POINT(-92.09641 46.77836)
"Duluth-Superior, MN and WI",2022-12,56,"Duluth-Superior, MN and WI",POINT(-92.09641 46.77836)
"Everett, WA",2022-01,21,"Everett, WA",POINT(-122.2294 47.98476)
"Everett, WA",2022-02,16,"Everett, WA",POINT(-122.2294 47.98476)
"Everett, WA",2022-03,16,"Everett, WA",POINT(-122.2294 47.98476)
"Everett, WA",2022-04,12,"Everett, WA",POINT(-122.2294 47.98476)
"Everett, WA",2022-05,10,"Everett, WA",POINT(-122.2294 47.98476)
"Everett, WA",2022-06,12,"Everett, WA",POINT(-122.2294 47.98476)
"Everett, WA",2022-07,15,"Everett, WA",POINT(-122.2294 47.98476)
"Everett, WA",2022-08,19,"Everett, WA",POINT(-122.2294 47.98476)
"Everett, WA",2022-09,17,"Everett, WA",POINT(-122.2294 47.98476)
"Everett, WA",2022-10,15,"Everett, WA",POINT(-122.2294 47.98476)
"Everett, WA",2022-11,11,"Everett, WA",POINT(-122.2294 47.98476)
"Everett, WA",2022-12,7,"Everett, WA",POINT(-122.2294 47.98476)
"Galveston, TX",2022-01,47,"Galveston, TX",POINT(-94.8127 29.31049)
"Galveston, TX",2022-02,36,"Galveston, TX",POINT(-94.8127 29.31049)
"Galveston, TX",2022-03,55,"Galveston, TX",POINT(-94.8127 29.31049)
"Galveston, TX",2022-04,37,"Galveston, TX",POINT(-94.8127 29.31049)
"Galveston, TX",2022-05,47,"Galveston, TX",POINT(-94.8127 29.31049)
"Galveston, TX",2022-06,40,"Galveston, TX",POINT(-94.8127 29.31049)
"Galveston, TX",2022-07,43,"Galveston, TX",POINT(-94.8127 29.31049)
"Galveston, TX",2022-08,49,"Galveston, TX",POINT(-94.8127 29.31049)
"Galveston, TX",2022-09,64,"Galveston, TX",POINT(-94.8127 29.31049)
"Galveston, TX",2022-10,55,"Galveston, TX",POINT(-94.8127 29.31049)
"Galveston, TX",2022-11,60,"Galveston, TX",POINT(-94.8127 29.31049)
"Galveston, TX",2022-12,63,"Galveston, TX",POINT(-94.8127 29.31049)
"Grand Haven, MI",2022-01,3,"Grand Haven, MI",POINT(-86.23557 43.06694)
"Grand Haven, MI",2022-03,1,"Grand Haven, MI",POINT(-86.23557 43.06694)
"Grand Haven, MI",2022-04,4,"Grand Haven, MI",POINT(-86.23557 43.06694)
"Grand Haven, MI",2022-05,4,"Grand Haven, MI",POINT(-86.23557 43.06694)
"Grand Haven, MI",2022-06,3,"Grand Haven, MI",POINT(-86.23557 43.06694)
"Grand Haven, MI",2022-07,4,"Grand Haven, MI",POINT(-86.23557 43.06694)
"Grand Haven, MI",2022-08,2,"Grand Haven, MI",POINT(-86.23557 43.06694)
"Grand Haven, MI",2022-09,2,"Grand Haven, MI",POINT(-86.23557 43.06694)
"Grand Haven, MI",2022-10,4,"Grand Haven, MI",POINT(-86.23557 43.06694)
"Grand Haven, MI",2022-11,2,"Grand Haven, MI",POINT(-86.23557 43.06694)
"Grays Harbor Port District, WA",2022-01,3,"Grays Harbor Port District, WA",POINT(-124.17615 46.90416)
"Grays Harbor Port District, WA",2022-02,1,"Grays Harbor Port District, WA",POINT(-124.17615 46.90416)
"Grays Harbor Port District, WA",2022-03,4,"Grays Harbor Port District, WA",POINT(-124.17615 46.90416)
"Grays Harbor Port District, WA",2022-04,1,"Grays Harbor Port District, WA",POINT(-124.17615 46.90416)
"Grays Harbor Port District, WA",2022-05,1,"Grays Harbor Port District, WA",POINT(-124.17615 46.90416)
"Grays Harbor Port District, WA",2022-06,1,"Grays Harbor Port District, WA",POINT(-124.17615 46.90416)
"Grays Harbor Port District, WA",2022-07,5,"Grays Harbor Port District, WA",POINT(-124.17615 46.90416)
"Grays Harbor Port District, WA",2022-08,3,"Grays Harbor Port District, WA",POINT(-124.17615 46.90416)
"Grays Harbor Port District, WA",2022-09,1,"Grays Harbor Port District, WA",POINT(-124.17615 46.90416)
"Grays Harbor Port District, WA",2022-10,4,"Grays Harbor Port District, WA",POINT(-124.17615 46.90416)
"Grays Harbor Port District, WA",2022-11,2,"Grays Harbor Port District, WA",POINT(-124.17615 46.90416)
"Grays Harbor Port District, WA",2022-12,6,"Grays Harbor Port District, WA",POINT(-124.17615 46.90416)
"Greater Lafourche Port, LA",2022-01,30,"Greater Lafourche Port, LA",POINT(-90.20528 29.12195)
"Greater Lafourche Port, LA",2022-02,32,"Greater Lafourche Port, LA",POINT(-90.20528 29.12195)
"Greater Lafourche Port, LA",2022-03,54,"Greater Lafourche Port, LA",POINT(-90.20528 29.12195)
"Greater Lafourche Port, LA",2022-04,43,"Greater Lafourche Port, LA",POINT(-90.20528 29.12195)
"Greater Lafourche Port, LA",2022-05,44,"Greater Lafourche Port, LA",POINT(-90.20528 29.12195)
"Greater Lafourche Port, LA",2022-06,44,"Greater Lafourche Port, LA",POINT(-90.20528 29.12195)
"Greater Lafourche Port, LA",2022-07,44,"Greater Lafourche Port, LA",POINT(-90.20528 29.12195)
"Greater Lafourche Port, LA",2022-08,50,"Greater Lafourche Port, LA",POINT(-90.20528 29.12195)
"Greater Lafourche Port, LA",2022-09,66,"Greater Lafourche Port, LA",POINT(-90.20528 29.12195)
"Greater Lafourche Port, LA",2022-10,64,"Greater Lafourche Port, LA",POINT(-90.20528 29.12195)
"Greater Lafourche Port, LA",2022-11,68,"Greater Lafourche Port, LA",POINT(-90.20528 29.12195)
"Greater Lafourche Port, LA",2022-12,62,"Greater Lafourche Port, LA",POINT(-90.20528 29.12195)
"Green Bay, WI",2022-03,1,"Green Bay, WI",POINT(-88.01812 44.51622)
"Green Bay, WI",2022-04,2,"Green Bay, WI",POINT(-88.01812 44.51622)
"Green Bay, WI",2022-05,5,"Green Bay, WI",POINT(-88.01812 44.51622)
"Green Bay, WI",2022-06,4,"Green Bay, WI",POINT(-88.01812 44.51622)
"Green Bay, WI",2022-07,4,"Green Bay, WI",POINT(-88.01812 44.51622)
"Green Bay, WI",2022-08,5,"Green Bay, WI",POINT(-88.01812 44.51622)
"Green Bay, WI",2022-09,8,"Green Bay, WI",POINT(-88.01812 44.51622)
"Green Bay, WI",2022-10,5,"Green Bay, WI",POINT(-88.01812 44.51622)
"Green Bay, WI",2022-11,4,"Green Bay, WI",POINT(-88.01812 44.51622)
"Green Bay, WI",2022-12,1,"Green Bay, WI",POINT(-88.01812 44.51622)
"Guaynabo, PR",2022-01,87,"Guaynabo, PR",POINT(-66.11114 18.43022)
"Guaynabo, PR",2022-02,89,"Guaynabo, PR",POINT(-66.11114 18.43022)
"Guaynabo, PR",2022-03,97,"Guaynabo, PR",POINT(-66.11114 18.43022)
"Guaynabo, PR",2022-04,97,"Guaynabo, PR",POINT(-66.11114 18.43022)
"Guaynabo, PR",2022-05,97,"Guaynabo, PR",POINT(-66.11114 18.43022)
"Guaynabo, PR",2022-06,94,"Guaynabo, PR",POINT(-66.11114 18.43022)
"Guaynabo, PR",2022-07,80,"Guaynabo, PR",POINT(-66.11114 18.43022)
"Guaynabo, PR",2022-08,100,"Guaynabo, PR",POINT(-66.11114 18.43022)
"Guaynabo, PR",2022-09,84,"Guaynabo, PR",POINT(-66.11114 18.43022)
"Guaynabo, PR",2022-10,99,"Guaynabo, PR",POINT(-66.11114 18.43022)
"Guaynabo, PR",2022-11,96,"Guaynabo, PR",POINT(-66.11114 18.43022)
"Guaynabo, PR",2022-12,79,"Guaynabo, PR",POINT(-66.11114 18.43022)
"Gulfport, MS",2022-01,12,"Gulfport, MS",POINT(-89.09257 30.35962)
"Gulfport, MS",2022-02,8,"Gulfport, MS",POINT(-89.09257 30.35962)
"Gulfport, MS",2022-03,13,"Gulfport, MS",POINT(-89.09257 30.35962)
"Gulfport, MS",2022-04,16,"Gulfport, MS",POINT(-89.09257 30.35962)
"Gulfport, MS",2022-05,16,"Gulfport, MS",POINT(-89.09257 30.35962)
"Gulfport, MS",2022-06,17,"Gulfport, MS",POINT(-89.09257 30.35962)
"Gulfport, MS",2022-07,14,"Gulfport, MS",POINT(-89.09257 30.35962)
"Gulfport, MS",2022-08,12,"Gulfport, MS",POINT(-89.09257 30.35962)
"Gulfport, MS",2022-09,11,"Gulfport, MS",POINT(-89.09257 30.35962)
"Gulfport, MS",2022-10,9,"Gulfport, MS",POINT(-89.09257 30.35962)
"Gulfport, MS",2022-11,8,"Gulfport, MS",POINT(-89.09257 30.35962)
"Gulfport, MS",2022-12,7,"Gulfport, MS",POINT(-89.09257 30.35962)
"Hilo, Hawai'i, HI",2022-09,2,"Hilo, Hawai'i, HI",POINT(-155.05478 19.73062)
"Hilo, Hawai'i, HI",2022-10,1,"Hilo, Hawai'i, HI",POINT(-155.05478 19.73062)
"Hilo, Hawai'i, HI",2022-11,1,"Hilo, Hawai'i, HI",POINT(-155.05478 19.73062)
"Hilo, Hawai'i, HI",2022-12,2,"Hilo, Hawai'i, HI",POINT(-155.05478 19.73062)
"Honolulu, O'ahu, HI",2022-01,40,"Honolulu, O'ahu, HI",POINT(-157.8717 21.31111)
"Honolulu, O'ahu, HI",2022-02,34,"Honolulu, O'ahu, HI",POINT(-157.8717 21.31111)
"Honolulu, O'ahu, HI",2022-03,35,"Honolulu, O'ahu, HI",POINT(-157.8717 21.31111)
"Honolulu, O'ahu, HI",2022-04,30,"Honolulu, O'ahu, HI",POINT(-157.8717 21.31111)
"Honolulu, O'ahu, HI",2022-05,32,"Honolulu, O'ahu, HI",POINT(-157.8717 21.31111)
"Honolulu, O'ahu, HI",2022-06,35,"Honolulu, O'ahu, HI",POINT(-157.8717 21.31111)
"Honolulu, O'ahu, HI",2022-07,36,"Honolulu, O'ahu, HI",POINT(-157.8717 21.31111)
"Honolulu, O'ahu, HI",2022-08,40,"Honolulu, O'ahu, HI",POINT(-157.8717 21.31111)
"Honolulu, O'ahu, HI",2022-09,34,"Honolulu, O'ahu, HI",POINT(-157.8717 21.31111)
"Honolulu, O'ahu, HI",2022-10,38,"Honolulu, O'ahu, HI",POINT(-157.8717 21.31111)
"Honolulu, O'ahu, HI",2022-11,34,"Honolulu, O'ahu, HI",POINT(-157.8717 21.31111)
"Honolulu, O'ahu, HI",2022-12,30,"Honolulu, O'ahu, HI",POINT(-157.8717 21.31111)
"Houston Port Authority, TX",2022-01,195,"Houston Port Authority, TX",POINT(-95.29368 29.74702)
"Houston Port Authority, TX",2022-02,124,"Houston Port Authority, TX",POINT(-95.29368 29.74702)
"Houston Port Authority, TX",2022-03,146,"Houston Port Authority, TX",POINT(-95.29368 29.74702)
"Houston Port Authority, TX",2022-04,139,"Houston Port Authority, TX",POINT(-95.29368 29.74702)
"Houston Port Authority, TX",2022-05,134,"Houston Port Authority, TX",POINT(-95.29368 29.74702)
"Houston Port Authority, TX",2022-06,142,"Houston Port Authority, TX",POINT(-95.29368 29.74702)
"Houston Port Authority, TX",2022-07,130,"Houston Port Authority, TX",POINT(-95.29368 29.74702)
"Houston Port Authority, TX",2022-08,133,"Houston Port Authority, TX",POINT(-95.29368 29.74702)
"Houston Port Authority, TX",2022-09,134,"Houston Port Authority, TX",POINT(-95.29368 29.74702)
"Houston Port Authority, TX",2022-10,139,"Houston Port Authority, TX",POINT(-95.29368 29.74702)
"Houston Port Authority, TX",2022-11,113,"Houston Port Authority, TX",POINT(-95.29368 29.74702)
"Houston Port Authority, TX",2022-12,138,"Houston Port Authority, TX",POINT(-95.29368 29.74702)
"Illinois International Port, IL",2022-01,2,"Illinois International Port, IL",POINT(-87.63799 41.88662)
"Illinois International Port, IL",2022-02,1,"Illinois International Port, IL",POINT(-87.63799 41.88662)
"Illinois International Port, IL",2022-04,4,"Illinois International Port, IL",POINT(-87.63799 41.88662)
"Illinois International Port, IL",2022-05,7,"Illinois International Port, IL",POINT(-87.63799 41.88662)
"Illinois International Port, IL",2022-06,7,"Illinois International Port, IL",POINT(-87.63799 41.88662)
"Illinois International Port, IL",2022-07,5,"Illinois International Port, IL",POINT(-87.63799 41.88662)
"Illinois International Port, IL",2022-08,8,"Illinois International Port, IL",POINT(-87.63799 41.88662)
"Illinois International Port, IL",2022-09,3,"Illinois International Port, IL",POINT(-87.63799 41.88662)
"Illinois International Port, IL",2022-10,5,"Illinois International Port, IL",POINT(-87.63799 41.88662)
"Illinois International Port, IL",2022-11,7,"Illinois International Port, IL",POINT(-87.63799 41.88662)
"Illinois International Port, IL",2022-12,3,"Illinois International Port, IL",POINT(-87.63799 41.88662)
"Indiana (Northern District), IN",2022-01,27,"Indiana (Northern District), IN",POINT(-87.20251 41.62505)
"Indiana (Northern District), IN",2022-03,2,"Indiana (Northern District), IN",POINT(-87.20251 41.62505)
"Indiana (Northern District), IN",2022-04,19,"Indiana (Northern District), IN",POINT(-87.20251 41.62505)
"Indiana (Northern District), IN",2022-05,34,"Indiana (Northern District), IN",POINT(-87.20251 41.62505)
"Indiana (Northern District), IN",2022-06,28,"Indiana (Northern District), IN",POINT(-87.20251 41.62505)
"Indiana (Northern District), IN",2022-07,33,"Indiana (Northern District), IN",POINT(-87.20251 41.62505)
"Indiana (Northern District), IN",2022-08,37,"Indiana (Northern District), IN",POINT(-87.20251 41.62505)
"Indiana (Northern District), IN",2022-09,31,"Indiana (Northern District), IN",POINT(-87.20251 41.62505)
"Indiana (Northern District), IN",2022-10,31,"Indiana (Northern District), IN",POINT(-87.20251 41.62505)
"Indiana (Northern District), IN",2022-11,36,"Indiana (Northern District), IN",POINT(-87.20251 41.62505)
"Indiana (Northern District), IN",2022-12,31,"Indiana (Northern District), IN",POINT(-87.20251 41.62505)
"Jackson County Port, MS",2022-01,6,"Jackson County Port, MS",POINT(-88.55879 30.34802)
"Jackson County Port, MS",2022-02,4,"Jackson County Port, MS",POINT(-88.55879 30.34802)
"Jackson County Port, MS",2022-03,4,"Jackson County Port, MS",POINT(-88.55879 30.34802)
"Jackson County Port, MS",2022-04,7,"Jackson County Port, MS",POINT(-88.55879 30.34802)
"Jackson County Port, MS",2022-05,7,"Jackson County Port, MS",POINT(-88.55879 30.34802)
"Jackson County Port, MS",2022-06,5,"Jackson County Port, MS",POINT(-88.55879 30.34802)
"Jackson County Port, MS",2022-07,7,"Jackson County Port, MS",POINT(-88.55879 30.34802)
"Jackson County Port, MS",2022-08,8,"Jackson County Port, MS",POINT(-88.55879 30.34802)
"Jackson County Port, MS",2022-09,9,"Jackson County Port, MS",POINT(-88.55879 30.34802)
"Jackson County Port, MS",2022-10,6,"Jackson County Port, MS",POINT(-88.55879 30.34802)
"Jackson County Port, MS",2022-11,7,"Jackson County Port, MS",POINT(-88.55879 30.34802)
"Jackson County Port, MS",2022-12,8,"Jackson County Port, MS",POINT(-88.55879 30.34802)
"Jacksonville, FL",2022-01,97,"Jacksonville, FL",POINT(-81.66513 30.32276)
"Jacksonville, FL",2022-02,72,"Jacksonville, FL",POINT(-81.66513 30.32276)
"Jacksonville, FL",2022-03,98,"Jacksonville, FL",POINT(-81.66513 30.32276)
"Jacksonville, FL",2022-04,97,"Jacksonville, FL",POINT(-81.66513 30.32276)
"Jacksonville, FL",2022-05,91,"Jacksonville, FL",POINT(-81.66513 30.32276)
"Jacksonville, FL",2022-06,94,"Jacksonville, FL",POINT(-81.66513 30.32276)
"Jacksonville, FL",2022-07,88,"Jacksonville, FL",POINT(-81.66513 30.32276)
"Jacksonville, FL",2022-08,111,"Jacksonville, FL",POINT(-81.66513 30.32276)
"Jacksonville, FL",2022-09,86,"Jacksonville, FL",POINT(-81.66513 30.32276)
"Jacksonville, FL",2022-10,101,"Jacksonville, FL",POINT(-81.66513 30.32276)
"Jacksonville, FL",2022-11,84,"Jacksonville, FL",POINT(-81.66513 30.32276)
"Jacksonville, FL",2022-12,83,"Jacksonville, FL",POINT(-81.66513 30.32276)
"Kahului, Maui, HI",2022-01,3,"Kahului, Maui, HI",POINT(-156.4728 20.89861)
"Kahului, Maui, HI",2022-02,1,"Kahului, Maui, HI",POINT(-156.4728 20.89861)
"Kahului, Maui, HI",2022-05,1,"Kahului, Maui, HI",POINT(-156.4728 20.89861)
"Kahului, Maui, HI",2022-06,1,"Kahului, Maui, HI",POINT(-156.4728 20.89861)
"Kahului, Maui, HI",2022-09,1,"Kahului, Maui, HI",POINT(-156.4728 20.89861)
"Kahului, Maui, HI",2022-10,1,"Kahului, Maui, HI",POINT(-156.4728 20.89861)
"Kahului, Maui, HI",2022-11,1,"Kahului, Maui, HI",POINT(-156.4728 20.89861)
"Kahului, Maui, HI",2022-12,2,"Kahului, Maui, HI",POINT(-156.4728 20.89861)
"Kalaeloa Barbers Point, HI",2022-01,7,"Kalaeloa Barbers Point, HI",POINT(-158.11368 21.32307)
"Kalaeloa Barbers Point, HI",2022-02,9,"Kalaeloa Barbers Point, HI",POINT(-158.11368 21.32307)
"Kalaeloa Barbers Point, HI",2022-03,5,"Kalaeloa Barbers Point, HI",POINT(-158.11368 21.32307)
"Kalaeloa Barbers Point, HI",2022-04,8,"Kalaeloa Barbers Point, HI",POINT(-158.11368 21.32307)
"Kalaeloa Barbers Point, HI",2022-05,8,"Kalaeloa Barbers Point, HI",POINT(-158.11368 21.32307)
"Kalaeloa Barbers Point, HI",2022-06,6,"Kalaeloa Barbers Point, HI",POINT(-158.11368 21.32307)
"Kalaeloa Barbers Point, HI",2022-07,7,"Kalaeloa Barbers Point, HI",POINT(-158.11368 21.32307)
"Kalaeloa Barbers Point, HI",2022-08,5,"Kalaeloa Barbers Point, HI",POINT(-158.11368 21.32307)
"Kalaeloa Barbers Point, HI",2022-09,5,"Kalaeloa Barbers Point, HI",POINT(-158.11368 21.32307)
"Kalaeloa Barbers Point, HI",2022-10,3,"Kalaeloa Barbers Point, HI",POINT(-158.11368 21.32307)
"Kalaeloa Barbers Point, HI",2022-11,6,"Kalaeloa Barbers Point, HI",POINT(-158.11368 21.32307)
"Kalaeloa Barbers Point, HI",2022-12,3,"Kalaeloa Barbers Point, HI",POINT(-158.11368 21.32307)
"Kaskaskia Regional Port, IL",2022-01,1,"Kaskaskia Regional Port, IL",POINT(-90.04615 38.14333)
"Kaskaskia Regional Port, IL",2022-09,3,"Kaskaskia Regional Port, IL",POINT(-90.04615 38.14333)
"Kaskaskia Regional Port, IL",2022-10,2,"Kaskaskia Regional Port, IL",POINT(-90.04615 38.14333)
"Kaskaskia Regional Port, IL",2022-12,3,"Kaskaskia Regional Port, IL",POINT(-90.04615 38.14333)
"Lake Charles Harbor District, LA",2022-01,16,"Lake Charles Harbor District, LA",POINT(-93.28684 30.10641)
"Lake Charles Harbor District, LA",2022-02,15,"Lake Charles Harbor District, LA",POINT(-93.28684 30.10641)
"Lake Charles Harbor District, LA",2022-03,21,"Lake Charles Harbor District, LA",POINT(-93.28684 30.10641)
"Lake Charles Harbor District, LA",2022-04,11,"Lake Charles Harbor District, LA",POINT(-93.28684 30.10641)
"Lake Charles Harbor District, LA",2022-05,18,"Lake Charles Harbor District, LA",POINT(-93.28684 30.10641)
"Lake Charles Harbor District, LA",2022-06,10,"Lake Charles Harbor District, LA",POINT(-93.28684 30.10641)
"Lake Charles Harbor District, LA",2022-07,23,"Lake Charles Harbor District, LA",POINT(-93.28684 30.10641)
"Lake Charles Harbor District, LA",2022-08,20,"Lake Charles Harbor District, LA",POINT(-93.28684 30.10641)
"Lake Charles Harbor District, LA",2022-09,15,"Lake Charles Harbor District, LA",POINT(-93.28684 30.10641)
"Lake Charles Harbor District, LA",2022-10,12,"Lake Charles Harbor District, LA",POINT(-93.28684 30.10641)
"Lake Charles Harbor District, LA",2022-11,14,"Lake Charles Harbor District, LA",POINT(-93.28684 30.10641)
"Lake Charles Harbor District, LA",2022-12,25,"Lake Charles Harbor District, LA",POINT(-93.28684 30.10641)
"Lorain Port Authority, OH",2022-01,1,"Lorain Port Authority, OH",POINT(-82.19514 41.48248)
"Lorain Port Authority, OH",2022-04,2,"Lorain Port Authority, OH",POINT(-82.19514 41.48248)
"Lorain Port Authority, OH",2022-05,1,"Lorain Port Authority, OH",POINT(-82.19514 41.48248)
"Lorain Port Authority, OH",2022-07,4,"Lorain Port Authority, OH",POINT(-82.19514 41.48248)
"Lorain Port Authority, OH",2022-08,2,"Lorain Port Authority, OH",POINT(-82.19514 41.48248)
"Lorain Port Authority, OH",2022-09,2,"Lorain Port Authority, OH",POINT(-82.19514 41.48248)
"Lorain Port Authority, OH",2022-11,4,"Lorain Port Authority, OH",POINT(-82.19514 41.48248)
"Manatee County Port, FL",2022-01,27,"Manatee County Port, FL",POINT(-82.56414 27.63368)
"Manatee County Port, FL",2022-02,26,"Manatee County Port, FL",POINT(-82.56414 27.63368)
"Manatee County Port, FL",2022-03,27,"Manatee County Port, FL",POINT(-82.56414 27.63368)
"Manatee County Port, FL",2022-04,24,"Manatee County Port, FL",POINT(-82.56414 27.63368)
"Manatee County Port, FL",2022-05,26,"Manatee County Port, FL",POINT(-82.56414 27.63368)
"Manatee County Port, FL",2022-06,27,"Manatee County Port, FL",POINT(-82.56414 27.63368)
"Manatee County Port, FL",2022-07,21,"Manatee County Port, FL",POINT(-82.56414 27.63368)
"Manatee County Port, FL",2022-08,27,"Manatee County Port, FL",POINT(-82.56414 27.63368)
"Manatee County Port, FL",2022-09,20,"Manatee County Port, FL",POINT(-82.56414 27.63368)
"Manatee County Port, FL",2022-10,32,"Manatee County Port, FL",POINT(-82.56414 27.63368)
"Manatee County Port, FL",2022-11,24,"Manatee County Port, FL",POINT(-82.56414 27.63368)
"Manatee County Port, FL",2022-12,24,"Manatee County Port, FL",POINT(-82.56414 27.63368)
"Marblehead, OH",2022-01,9,"Marblehead, OH",POINT(-82.70906 41.52962)
"Marblehead, OH",2022-03,4,"Marblehead, OH",POINT(-82.70906 41.52962)
"Marblehead, OH",2022-04,13,"Marblehead, OH",POINT(-82.70906 41.52962)
"Marblehead, OH",2022-05,16,"Marblehead, OH",POINT(-82.70906 41.52962)
"Marblehead, OH",2022-06,22,"Marblehead, OH",POINT(-82.70906 41.52962)
"Marblehead, OH",2022-07,26,"Marblehead, OH",POINT(-82.70906 41.52962)
"Marblehead, OH",2022-08,22,"Marblehead, OH",POINT(-82.70906 41.52962)
"Marblehead, OH",2022-09,38,"Marblehead, OH",POINT(-82.70906 41.52962)
"Marblehead, OH",2022-10,26,"Marblehead, OH",POINT(-82.70906 41.52962)
"Marblehead, OH",2022-11,24,"Marblehead, OH",POINT(-82.70906 41.52962)
"Marblehead, OH",2022-12,30,"Marblehead, OH",POINT(-82.70906 41.52962)
"Marine City, MI",2022-01,4,"Marine City, MI",POINT(-82.50235 42.71545)
"Marine City, MI",2022-04,7,"Marine City, MI",POINT(-82.50235 42.71545)
"Marine City, MI",2022-05,9,"Marine City, MI",POINT(-82.50235 42.71545)
"Marine City, MI",2022-06,7,"Marine City, MI",POINT(-82.50235 42.71545)
"Marine City, MI",2022-07,8,"Marine City, MI",POINT(-82.50235 42.71545)
"Marine City, MI",2022-08,11,"Marine City, MI",POINT(-82.50235 42.71545)
"Marine City, MI",2022-09,9,"Marine City, MI",POINT(-82.50235 42.71545)
"Marine City, MI",2022-10,10,"Marine City, MI",POINT(-82.50235 42.71545)
"Marine City, MI",2022-11,4,"Marine City, MI",POINT(-82.50235 42.71545)
"Marine City, MI",2022-12,10,"Marine City, MI",POINT(-82.50235 42.71545)
"Marquette, MI",2022-01,3,"Marquette, MI",POINT(-87.38482 46.57729)
"Marquette, MI",2022-04,10,"Marquette, MI",POINT(-87.38482 46.57729)
"Marquette, MI",2022-05,6,"Marquette, MI",POINT(-87.38482 46.57729)
"Marquette, MI",2022-06,3,"Marquette, MI",POINT(-87.38482 46.57729)
"Marquette, MI",2022-07,5,"Marquette, MI",POINT(-87.38482 46.57729)
"Marquette, MI",2022-08,7,"Marquette, MI",POINT(-87.38482 46.57729)
"Marquette, MI",2022-09,7,"Marquette, MI",POINT(-87.38482 46.57729)
"Marquette, MI",2022-10,8,"Marquette, MI",POINT(-87.38482 46.57729)
"Marquette, MI",2022-11,8,"Marquette, MI",POINT(-87.38482 46.57729)
"Marquette, MI",2022-12,13,"Marquette, MI",POINT(-87.38482 46.57729)
"Mid-America Port, IA, IL and MO",2022-12,2,"Mid-America Port, IA, IL and MO",POINT(-91.34832 39.71677)
"Milwaukee, WI",2022-01,5,"Milwaukee, WI",POINT(-87.89967 42.98824)
"Milwaukee, WI",2022-02,1,"Milwaukee, WI",POINT(-87.89967 42.98824)
"Milwaukee, WI",2022-03,1,"Milwaukee, WI",POINT(-87.89967 42.98824)
"Milwaukee, WI",2022-04,5,"Milwaukee, WI",POINT(-87.89967 42.98824)
"Milwaukee, WI",2022-05,9,"Milwaukee, WI",POINT(-87.89967 42.98824)
"Milwaukee, WI",2022-06,6,"Milwaukee, WI",POINT(-87.89967 42.98824)
"Milwaukee, WI",2022-07,9,"Milwaukee, WI",POINT(-87.89967 42.98824)
"Milwaukee, WI",2022-08,9,"Milwaukee, WI",POINT(-87.89967 42.98824)
"Milwaukee, WI",2022-09,8,"Milwaukee, WI",POINT(-87.89967 42.98824)
"Milwaukee, WI",2022-10,10,"Milwaukee, WI",POINT(-87.89967 42.98824)
"Milwaukee, WI",2022-11,8,"Milwaukee, WI",POINT(-87.89967 42.98824)
"Milwaukee, WI",2022-12,6,"Milwaukee, WI",POINT(-87.89967 42.98824)
"Mobile, AL",2022-01,100,"Mobile, AL",POINT(-88.03583 30.69123)
"Mobile, AL",2022-02,80,"Mobile, AL",POINT(-88.03583 30.69123)
"Mobile, AL",2022-03,89,"Mobile, AL",POINT(-88.03583 30.69123)
"Mobile, AL",2022-04,85,"Mobile, AL",POINT(-88.03583 30.69123)
"Mobile, AL",2022-05,89,"Mobile, AL",POINT(-88.03583 30.69123)
"Mobile, AL",2022-06,84,"Mobile, AL",POINT(-88.03583 30.69123)
"Mobile, AL",2022-07,86,"Mobile, AL",POINT(-88.03583 30.69123)
"Mobile, AL",2022-08,83,"Mobile, AL",POINT(-88.03583 30.69123)
"Mobile, AL",2022-09,90,"Mobile, AL",POINT(-88.03583 30.69123)
"Mobile, AL",2022-10,91,"Mobile, AL",POINT(-88.03583 30.69123)
"Mobile, AL",2022-11,84,"Mobile, AL",POINT(-88.03583 30.69123)
"Mobile, AL",2022-12,88,"Mobile, AL",POINT(-88.03583 30.69123)
"Monroe, MI",2022-01,1,"Monroe, MI",POINT(-83.39061 41.91513)
"Monroe, MI",2022-03,1,"Monroe, MI",POINT(-83.39061 41.91513)
"Monroe, MI",2022-04,6,"Monroe, MI",POINT(-83.39061 41.91513)
"Monroe, MI",2022-05,6,"Monroe, MI",POINT(-83.39061 41.91513)
"Monroe, MI",2022-06,8,"Monroe, MI",POINT(-83.39061 41.91513)
"Monroe, MI",2022-07,9,"Monroe, MI",POINT(-83.39061 41.91513)
"Monroe, MI",2022-08,8,"Monroe, MI",POINT(-83.39061 41.91513)
"Monroe, MI",2022-09,7,"Monroe, MI",POINT(-83.39061 41.91513)
"Monroe, MI",2022-10,11,"Monroe, MI",POINT(-83.39061 41.91513)
"Monroe, MI",2022-11,7,"Monroe, MI",POINT(-83.39061 41.91513)
"Monroe, MI",2022-12,5,"Monroe, MI",POINT(-83.39061 41.91513)
"Morehead City, NC",2022-01,15,"Morehead City, NC",POINT(-76.72421 34.71693)
"Morehead City, NC",2022-02,8,"Morehead City, NC",POINT(-76.72421 34.71693)
"Morehead City, NC",2022-03,14,"Morehead City, NC",POINT(-76.72421 34.71693)
"Morehead City, NC",2022-04,14,"Morehead City, NC",POINT(-76.72421 34.71693)
"Morehead City, NC",2022-05,10,"Morehead City, NC",POINT(-76.72421 34.71693)
"Morehead City, NC",2022-06,11,"Morehead City, NC",POINT(-76.72421 34.71693)
"Morehead City, NC",2022-07,10,"Morehead City, NC",POINT(-76.72421 34.71693)
"Morehead City, NC",2022-08,16,"Morehead City, NC",POINT(-76.72421 34.71693)
"Morehead City, NC",2022-09,15,"Morehead City, NC",POINT(-76.72421 34.71693)
"Morehead City, NC",2022-10,12,"Morehead City, NC",POINT(-76.72421 34.71693)
"Morehead City, NC",2022-11,11,"Morehead City, NC",POINT(-76.72421 34.71693)
"Morehead City, NC",2022-12,12,"Morehead City, NC",POINT(-76.72421 34.71693)
"Mueller Township, MI",2022-01,3,"Mueller Township, MI",POINT(-85.87297 45.96942)
"Mueller Township, MI",2022-02,5,"Mueller Township, MI",POINT(-85.87297 45.96942)
"Mueller Township, MI",2022-04,7,"Mueller Township, MI",POINT(-85.87297 45.96942)
"Mueller Township, MI",2022-05,22,"Mueller Township, MI",POINT(-85.87297 45.96942)
"Mueller Township, MI",2022-06,23,"Mueller Township, MI",POINT(-85.87297 45.96942)
"Mueller Township, MI",2022-07,22,"Mueller Township, MI",POINT(-85.87297 45.96942)
"Mueller Township, MI",2022-08,22,"Mueller Township, MI",POINT(-85.87297 45.96942)
"Mueller Township, MI",2022-09,20,"Mueller Township, MI",POINT(-85.87297 45.96942)
"Mueller Township, MI",2022-10,23,"Mueller Township, MI",POINT(-85.87297 45.96942)
"Mueller Township, MI",2022-11,11,"Mueller Township, MI",POINT(-85.87297 45.96942)
"Mueller Township, MI",2022-12,1,"Mueller Township, MI",POINT(-85.87297 45.96942)
"Muskegon, MI",2022-01,2,"Muskegon, MI",POINT(-86.34316 43.22708)
"Muskegon, MI",2022-03,1,"Muskegon, MI",POINT(-86.34316 43.22708)
"Muskegon, MI",2022-04,5,"Muskegon, MI",POINT(-86.34316 43.22708)
"Muskegon, MI",2022-05,3,"Muskegon, MI",POINT(-86.34316 43.22708)
"Muskegon, MI",2022-06,3,"Muskegon, MI",POINT(-86.34316 43.22708)
"Muskegon, MI",2022-07,4,"Muskegon, MI",POINT(-86.34316 43.22708)
"Muskegon, MI",2022-08,4,"Muskegon, MI",POINT(-86.34316 43.22708)
"Muskegon, MI",2022-09,3,"Muskegon, MI",POINT(-86.34316 43.22708)
"Muskegon, MI",2022-10,6,"Muskegon, MI",POINT(-86.34316 43.22708)
"Muskegon, MI",2022-11,6,"Muskegon, MI",POINT(-86.34316 43.22708)
"Muskegon, MI",2022-12,3,"Muskegon, MI",POINT(-86.34316 43.22708)
"Nawiliwili, Kaua'i, HI",2022-07,1,"Nawiliwili, Kaua'i, HI",POINT(-159.35232 21.95248)
"Nawiliwili, Kaua'i, HI",2022-08,1,"Nawiliwili, Kaua'i, HI",POINT(-159.35232 21.95248)
"New Bourbon Port Authority, MO",2022-01,1,"New Bourbon Port Authority, MO",POINT(-90.09012 38.01453)
"New Bourbon Port Authority, MO",2022-09,1,"New Bourbon Port Authority, MO",POINT(-90.09012 38.01453)
"New Bourbon Port Authority, MO",2022-10,2,"New Bourbon Port Authority, MO",POINT(-90.09012 38.01453)
"New Bourbon Port Authority, MO",2022-12,3,"New Bourbon Port Authority, MO",POINT(-90.09012 38.01453)
"New Haven, CT",2022-01,15,"New Haven, CT",POINT(-72.90473 41.29883)
"New Haven, CT",2022-02,11,"New Haven, CT",POINT(-72.90473 41.29883)
"New Haven, CT",2022-03,9,"New Haven, CT",POINT(-72.90473 41.29883)
"New Haven, CT",2022-04,15,"New Haven, CT",POINT(-72.90473 41.29883)
"New Haven, CT",2022-05,15,"New Haven, CT",POINT(-72.90473 41.29883)
"New Haven, CT",2022-06,9,"New Haven, CT",POINT(-72.90473 41.29883)
"New Haven, CT",2022-07,11,"New Haven, CT",POINT(-72.90473 41.29883)
"New Haven, CT",2022-08,6,"New Haven, CT",POINT(-72.90473 41.29883)
"New Haven, CT",2022-09,11,"New Haven, CT",POINT(-72.90473 41.29883)
"New Haven, CT",2022-10,10,"New Haven, CT",POINT(-72.90473 41.29883)
"New Haven, CT",2022-11,10,"New Haven, CT",POINT(-72.90473 41.29883)
"New Haven, CT",2022-12,12,"New Haven, CT",POINT(-72.90473 41.29883)
"New Orleans, LA",2022-01,277,"New Orleans, LA",POINT(-90.08526 29.91414)
"New Orleans, LA",2022-02,219,"New Orleans, LA",POINT(-90.08526 29.91414)
"New Orleans, LA",2022-03,240,"New Orleans, LA",POINT(-90.08526 29.91414)
"New Orleans, LA",2022-04,233,"New Orleans, LA",POINT(-90.08526 29.91414)
"New Orleans, LA",2022-05,236,"New Orleans, LA",POINT(-90.08526 29.91414)
"New Orleans, LA",2022-06,203,"New Orleans, LA",POINT(-90.08526 29.91414)
"New Orleans, LA",2022-07,205,"New Orleans, LA",POINT(-90.08526 29.91414)
"New Orleans, LA",2022-08,218,"New Orleans, LA",POINT(-90.08526 29.91414)
"New Orleans, LA",2022-09,182,"New Orleans, LA",POINT(-90.08526 29.91414)
"New Orleans, LA",2022-10,196,"New Orleans, LA",POINT(-90.08526 29.91414)
"New Orleans, LA",2022-11,197,"New Orleans, LA",POINT(-90.08526 29.91414)
"New Orleans, LA",2022-12,207,"New Orleans, LA",POINT(-90.08526 29.91414)
"New York, NY & NJ",2022-01,251,"New York, NY & NJ",POINT(-74.03836 40.67395)
"New York, NY & NJ",2022-02,222,"New York, NY & NJ",POINT(-74.03836 40.67395)
"New York, NY & NJ",2022-03,254,"New York, NY & NJ",POINT(-74.03836 40.67395)
"New York, NY & NJ",2022-04,251,"New York, NY & NJ",POINT(-74.03836 40.67395)
"New York, NY & NJ",2022-05,242,"New York, NY & NJ",POINT(-74.03836 40.67395)
"New York, NY & NJ",2022-06,233,"New York, NY & NJ",POINT(-74.03836 40.67395)
"New York, NY & NJ",2022-07,234,"New York, NY & NJ",POINT(-74.03836 40.67395)
"New York, NY & NJ",2022-08,246,"New York, NY & NJ",POINT(-74.03836 40.67395)
"New York, NY & NJ",2022-09,242,"New York, NY & NJ",POINT(-74.03836 40.67395)
"New York, NY & NJ",2022-10,249,"New York, NY & NJ",POINT(-74.03836 40.67395)
"New York, NY & NJ",2022-11,228,"New York, NY & NJ",POINT(-74.03836 40.67395)
"New York, NY & NJ",2022-12,242,"New York, NY & NJ",POINT(-74.03836 40.67395)
"Orange County Nav District, TX",2022-01,2,"Orange County Nav District, TX",POINT(-93.72356 30.09537)
"Oxnard Harbor District, CA",2022-01,27,"Oxnard Harbor District, CA",POINT(-119.20848 34.14824)
"Oxnard Harbor District, CA",2022-02,26,"Oxnard Harbor District, CA",POINT(-119.20848 34.14824)
"Oxnard Harbor District, CA",2022-03,32,"Oxnard Harbor District, CA",POINT(-119.20848 34.14824)
"Oxnard Harbor District, CA",2022-04,27,"Oxnard Harbor District, CA",POINT(-119.20848 34.14824)
"Oxnard Harbor District, CA",2022-05,35,"Oxnard Harbor District, CA",POINT(-119.20848 34.14824)
"Oxnard Harbor District, CA",2022-06,25,"Oxnard Harbor District, CA",POINT(-119.20848 34.14824)
"Oxnard Harbor District, CA",2022-07,35,"Oxnard Harbor District, CA",POINT(-119.20848 34.14824)
"Oxnard Harbor District, CA",2022-08,33,"Oxnard Harbor District, CA",POINT(-119.20848 34.14824)
"Oxnard Harbor District, CA",2022-09,31,"Oxnard Harbor District, CA",POINT(-119.20848 34.14824)
"Oxnard Harbor District, CA",2022-10,33,"Oxnard Harbor District, CA",POINT(-119.20848 34.14824)
"Oxnard Harbor District, CA",2022-11,36,"Oxnard Harbor District, CA",POINT(-119.20848 34.14824)
"Oxnard Harbor District, CA",2022-12,34,"Oxnard Harbor District, CA",POINT(-119.20848 34.14824)
"Panama City Port Authority, FL",2022-01,29,"Panama City Port Authority, FL",POINT(-85.63376 30.134)
"Panama City Port Authority, FL",2022-02,22,"Panama City Port Authority, FL",POINT(-85.63376 30.134)
"Panama City Port Authority, FL",2022-03,26,"Panama City Port Authority, FL",POINT(-85.63376 30.134)
"Panama City Port Authority, FL",2022-04,29,"Panama City Port Authority, FL",POINT(-85.63376 30.134)
"Panama City Port Authority, FL",2022-05,26,"Panama City Port Authority, FL",POINT(-85.63376 30.134)
"Panama City Port Authority, FL",2022-06,17,"Panama City Port Authority, FL",POINT(-85.63376 30.134)
"Panama City Port Authority, FL",2022-07,20,"Panama City Port Authority, FL",POINT(-85.63376 30.134)
"Panama City Port Authority, FL",2022-08,20,"Panama City Port Authority, FL",POINT(-85.63376 30.134)
"Panama City Port Authority, FL",2022-09,19,"Panama City Port Authority, FL",POINT(-85.63376 30.134)
"Panama City Port Authority, FL",2022-10,24,"Panama City Port Authority, FL",POINT(-85.63376 30.134)
"Panama City Port Authority, FL",2022-11,21,"Panama City Port Authority, FL",POINT(-85.63376 30.134)
"Panama City Port Authority, FL",2022-12,15,"Panama City Port Authority, FL",POINT(-85.63376 30.134)
"Philadelphia Regional Port, PA",2022-01,108,"Philadelphia Regional Port, PA",POINT(-75.20219 39.91882)
"Philadelphia Regional Port, PA",2022-02,90,"Philadelphia Regional Port, PA",POINT(-75.20219 39.91882)
"Philadelphia Regional Port, PA",2022-03,92,"Philadelphia Regional Port, PA",POINT(-75.20219 39.91882)
"Philadelphia Regional Port, PA",2022-04,103,"Philadelphia Regional Port, PA",POINT(-75.20219 39.91882)
"Philadelphia Regional Port, PA",2022-05,90,"Philadelphia Regional Port, PA",POINT(-75.20219 39.91882)
"Philadelphia Regional Port, PA",2022-06,81,"Philadelphia Regional Port, PA",POINT(-75.20219 39.91882)
"Philadelphia Regional Port, PA",2022-07,94,"Philadelphia Regional Port, PA",POINT(-75.20219 39.91882)
"Philadelphia Regional Port, PA",2022-08,102,"Philadelphia Regional Port, PA",POINT(-75.20219 39.91882)
"Philadelphia Regional Port, PA",2022-09,94,"Philadelphia Regional Port, PA",POINT(-75.20219 39.91882)
"Philadelphia Regional Port, PA",2022-10,108,"Philadelphia Regional Port, PA",POINT(-75.20219 39.91882)
"Philadelphia Regional Port, PA",2022-11,88,"Philadelphia Regional Port, PA",POINT(-75.20219 39.91882)
"Philadelphia Regional Port, PA",2022-12,102,"Philadelphia Regional Port, PA",POINT(-75.20219 39.91882)
"Plaquemines Port District, LA",2022-01,69,"Plaquemines Port District, LA",POINT(-89.68745 29.48)
"Plaquemines Port District, LA",2022-02,16,"Plaquemines Port District, LA",POINT(-89.68745 29.48)
"Plaquemines Port District, LA",2022-03,25,"Plaquemines Port District, LA",POINT(-89.68745 29.48)
"Plaquemines Port District, LA",2022-04,8,"Plaquemines Port District, LA",POINT(-89.68745 29.48)
"Plaquemines Port District, LA",2022-05,9,"Plaquemines Port District, LA",POINT(-89.68745 29.48)
"Plaquemines Port District, LA",2022-06,9,"Plaquemines Port District, LA",POINT(-89.68745 29.48)
"Plaquemines Port District, LA",2022-07,17,"Plaquemines Port District, LA",POINT(-89.68745 29.48)
"Plaquemines Port District, LA",2022-08,17,"Plaquemines Port District, LA",POINT(-89.68745 29.48)
"Plaquemines Port District, LA",2022-09,29,"Plaquemines Port District, LA",POINT(-89.68745 29.48)
"Plaquemines Port District, LA",2022-10,47,"Plaquemines Port District, LA",POINT(-89.68745 29.48)
"Plaquemines Port District, LA",2022-11,40,"Plaquemines Port District, LA",POINT(-89.68745 29.48)
"Plaquemines Port District, LA",2022-12,54,"Plaquemines Port District, LA",POINT(-89.68745 29.48)
"Ponce Port Authority, PR",2022-01,7,"Ponce Port Authority, PR",POINT(-66.621 17.97861)
"Ponce Port Authority, PR",2022-02,6,"Ponce Port Authority, PR",POINT(-66.621 17.97861)
"Ponce Port Authority, PR",2022-03,7,"Ponce Port Authority, PR",POINT(-66.621 17.97861)
"Ponce Port Authority, PR",2022-04,8,"Ponce Port Authority, PR",POINT(-66.621 17.97861)
"Ponce Port Authority, PR",2022-05,10,"Ponce Port Authority, PR",POINT(-66.621 17.97861)
"Ponce Port Authority, PR",2022-06,10,"Ponce Port Authority, PR",POINT(-66.621 17.97861)
"Ponce Port Authority, PR",2022-07,7,"Ponce Port Authority, PR",POINT(-66.621 17.97861)
"Ponce Port Authority, PR",2022-08,8,"Ponce Port Authority, PR",POINT(-66.621 17.97861)
"Ponce Port Authority, PR",2022-09,5,"Ponce Port Authority, PR",POINT(-66.621 17.97861)
"Ponce Port Authority, PR",2022-10,6,"Ponce Port Authority, PR",POINT(-66.621 17.97861)
"Ponce Port Authority, PR",2022-11,8,"Ponce Port Authority, PR",POINT(-66.621 17.97861)
"Ponce Port Authority, PR",2022-12,8,"Ponce Port Authority, PR",POINT(-66.621 17.97861)
"Port Arthur, TX",2022-01,23,"Port Arthur, TX",POINT(-93.96069 29.83142)
"Port Arthur, TX",2022-02,31,"Port Arthur, TX",POINT(-93.96069 29.83142)
"Port Arthur, TX",2022-03,38,"Port Arthur, TX",POINT(-93.96069 29.83142)
"Port Arthur, TX",2022-04,25,"Port Arthur, TX",POINT(-93.96069 29.83142)
"Port Arthur, TX",2022-05,31,"Port Arthur, TX",POINT(-93.96069 29.83142)
"Port Arthur, TX",2022-06,30,"Port Arthur, TX",POINT(-93.96069 29.83142)
"Port Arthur, TX",2022-07,26,"Port Arthur, TX",POINT(-93.96069 29.83142)
"Port Arthur, TX",2022-08,35,"Port Arthur, TX",POINT(-93.96069 29.83142)
"Port Arthur, TX",2022-09,31,"Port Arthur, TX",POINT(-93.96069 29.83142)
"Port Arthur, TX",2022-10,33,"Port Arthur, TX",POINT(-93.96069 29.83142)
"Port Arthur, TX",2022-11,22,"Port Arthur, TX",POINT(-93.96069 29.83142)
"Port Arthur, TX",2022-12,29,"Port Arthur, TX",POINT(-93.96069 29.83142)
"Port Everglades, FL",2022-01,184,"Port Everglades, FL",POINT(-80.1178 26.09339)
"Port Everglades, FL",2022-02,172,"Port Everglades, FL",POINT(-80.1178 26.09339)
"Port Everglades, FL",2022-03,184,"Port Everglades, FL",POINT(-80.1178 26.09339)
"Port Everglades, FL",2022-04,194,"Port Everglades, FL",POINT(-80.1178 26.09339)
"Port Everglades, FL",2022-05,200,"Port Everglades, FL",POINT(-80.1178 26.09339)
"Port Everglades, FL",2022-06,192,"Port Everglades, FL",POINT(-80.1178 26.09339)
"Port Everglades, FL",2022-07,173,"Port Everglades, FL",POINT(-80.1178 26.09339)
"Port Everglades, FL",2022-08,182,"Port Everglades, FL",POINT(-80.1178 26.09339)
"Port Everglades, FL",2022-09,172,"Port Everglades, FL",POINT(-80.1178 26.09339)
"Port Everglades, FL",2022-10,189,"Port Everglades, FL",POINT(-80.1178 26.09339)
"Port Everglades, FL",2022-11,185,"Port Everglades, FL",POINT(-80.1178 26.09339)
"Port Everglades, FL",2022-12,205,"Port Everglades, FL",POINT(-80.1178 26.09339)
"Port Freeport, TX",2022-01,29,"Port Freeport, TX",POINT(-95.3707 28.96133)
"Port Freeport, TX",2022-02,29,"Port Freeport, TX",POINT(-95.3707 28.96133)
"Port Freeport, TX",2022-03,25,"Port Freeport, TX",POINT(-95.3707 28.96133)
"Port Freeport, TX",2022-04,25,"Port Freeport, TX",POINT(-95.3707 28.96133)
"Port Freeport, TX",2022-05,27,"Port Freeport, TX",POINT(-95.3707 28.96133)
"Port Freeport, TX",2022-06,22,"Port Freeport, TX",POINT(-95.3707 28.96133)
"Port Freeport, TX",2022-07,24,"Port Freeport, TX",POINT(-95.3707 28.96133)
"Port Freeport, TX",2022-08,23,"Port Freeport, TX",POINT(-95.3707 28.96133)
"Port Freeport, TX",2022-09,22,"Port Freeport, TX",POINT(-95.3707 28.96133)
"Port Freeport, TX",2022-10,22,"Port Freeport, TX",POINT(-95.3707 28.96133)
"Port Freeport, TX",2022-11,23,"Port Freeport, TX",POINT(-95.3707 28.96133)
"Port Freeport, TX",2022-12,26,"Port Freeport, TX",POINT(-95.3707 28.96133)
"Port Jefferson, NY",2022-03,1,"Port Jefferson, NY",POINT(-73.07216 40.94881)
"Port of Brunswick, GA",2022-01,39,"Port of Brunswick, GA",POINT(-81.53666 31.13243)
"Port of Brunswick, GA",2022-02,33,"Port of Brunswick, GA",POINT(-81.53666 31.13243)
"Port of Brunswick, GA",2022-03,39,"Port of Brunswick, GA",POINT(-81.53666 31.13243)
"Port of Brunswick, GA",2022-04,46,"Port of Brunswick, GA",POINT(-81.53666 31.13243)
"Port of Brunswick, GA",2022-05,43,"Port of Brunswick, GA",POINT(-81.53666 31.13243)
"Port of Brunswick, GA",2022-06,29,"Port of Brunswick, GA",POINT(-81.53666 31.13243)
"Port of Brunswick, GA",2022-07,31,"Port of Brunswick, GA",POINT(-81.53666 31.13243)
"Port of Brunswick, GA",2022-08,43,"Port of Brunswick, GA",POINT(-81.53666 31.13243)
"Port of Brunswick, GA",2022-09,35,"Port of Brunswick, GA",POINT(-81.53666 31.13243)
"Port of Brunswick, GA",2022-10,51,"Port of Brunswick, GA",POINT(-81.53666 31.13243)
"Port of Brunswick, GA",2022-11,40,"Port of Brunswick, GA",POINT(-81.53666 31.13243)
"Port of Brunswick, GA",2022-12,51,"Port of Brunswick, GA",POINT(-81.53666 31.13243)
"Port of Charleston, SC",2022-01,129,"Port of Charleston, SC",POINT(-79.9216 32.78878)
"Port of Charleston, SC",2022-02,115,"Port of Charleston, SC",POINT(-79.9216 32.78878)
"Port of Charleston, SC",2022-03,122,"Port of Charleston, SC",POINT(-79.9216 32.78878)
"Port of Charleston, SC",2022-04,103,"Port of Charleston, SC",POINT(-79.9216 32.78878)
"Port of Charleston, SC",2022-05,121,"Port of Charleston, SC",POINT(-79.9216 32.78878)
"Port of Charleston, SC",2022-06,101,"Port of Charleston, SC",POINT(-79.9216 32.78878)
"Port of Charleston, SC",2022-07,111,"Port of Charleston, SC",POINT(-79.9216 32.78878)
"Port of Charleston, SC",2022-08,115,"Port of Charleston, SC",POINT(-79.9216 32.78878)
"Port of Charleston, SC",2022-09,118,"Port of Charleston, SC",POINT(-79.9216 32.78878)
"Port of Charleston, SC",2022-10,138,"Port of Charleston, SC",POINT(-79.9216 32.78878)
"Port of Charleston, SC",2022-11,111,"Port of Charleston, SC",POINT(-79.9216 32.78878)
"Port of Charleston, SC",2022-12,134,"Port of Charleston, SC",POINT(-79.9216 32.78878)
"Port of Greater Baton Rouge, LA",2022-01,24,"Port of Greater Baton Rouge, LA",POINT(-91.19934 30.42292)
"Port of Greater Baton Rouge, LA",2022-02,14,"Port of Greater Baton Rouge, LA",POINT(-91.19934 30.42292)
"Port of Greater Baton Rouge, LA",2022-03,15,"Port of Greater Baton Rouge, LA",POINT(-91.19934 30.42292)
"Port of Greater Baton Rouge, LA",2022-04,11,"Port of Greater Baton Rouge, LA",POINT(-91.19934 30.42292)
"Port of Greater Baton Rouge, LA",2022-05,10,"Port of Greater Baton Rouge, LA",POINT(-91.19934 30.42292)
"Port of Greater Baton Rouge, LA",2022-06,10,"Port of Greater Baton Rouge, LA",POINT(-91.19934 30.42292)
"Port of Greater Baton Rouge, LA",2022-07,13,"Port of Greater Baton Rouge, LA",POINT(-91.19934 30.42292)
"Port of Greater Baton Rouge, LA",2022-08,18,"Port of Greater Baton Rouge, LA",POINT(-91.19934 30.42292)
"Port of Greater Baton Rouge, LA",2022-09,13,"Port of Greater Baton Rouge, LA",POINT(-91.19934 30.42292)
"Port of Greater Baton Rouge, LA",2022-10,9,"Port of Greater Baton Rouge, LA",POINT(-91.19934 30.42292)
"Port of Greater Baton Rouge, LA",2022-11,8,"Port of Greater Baton Rouge, LA",POINT(-91.19934 30.42292)
"Port of Greater Baton Rouge, LA",2022-12,13,"Port of Greater Baton Rouge, LA",POINT(-91.19934 30.42292)
"Port of Iberia District, LA",2022-01,1,"Port of Iberia District, LA",POINT(-91.8438 29.93731)
"Port of Iberia District, LA",2022-12,1,"Port of Iberia District, LA",POINT(-91.8438 29.93731)
"Port of Kalama, WA",2022-01,60,"Port of Kalama, WA",POINT(-122.86686 46.0266)
"Port of Kalama, WA",2022-02,44,"Port of Kalama, WA",POINT(-122.86686 46.0266)
"Port of Kalama, WA",2022-03,54,"Port of Kalama, WA",POINT(-122.86686 46.0266)
"Port of Kalama, WA",2022-04,43,"Port of Kalama, WA",POINT(-122.86686 46.0266)
"Port of Kalama, WA",2022-05,51,"Port of Kalama, WA",POINT(-122.86686 46.0266)
"Port of Kalama, WA",2022-06,37,"Port of Kalama, WA",POINT(-122.86686 46.0266)
"Port of Kalama, WA",2022-07,37,"Port of Kalama, WA",POINT(-122.86686 46.0266)
"Port of Kalama, WA",2022-08,51,"Port of Kalama, WA",POINT(-122.86686 46.0266)
"Port of Kalama, WA",2022-09,39,"Port of Kalama, WA",POINT(-122.86686 46.0266)
"Port of Kalama, WA",2022-10,53,"Port of Kalama, WA",POINT(-122.86686 46.0266)
"Port of Kalama, WA",2022-11,50,"Port of Kalama, WA",POINT(-122.86686 46.0266)
"Port of Kalama, WA",2022-12,36,"Port of Kalama, WA",POINT(-122.86686 46.0266)
"Port of Long Beach, CA",2022-01,349,"Port of Long Beach, CA",POINT(-118.2095 33.73957)
"Port of Long Beach, CA",2022-02,294,"Port of Long Beach, CA",POINT(-118.2095 33.73957)
"Port of Long Beach, CA",2022-03,304,"Port of Long Beach, CA",POINT(-118.2095 33.73957)
"Port of Long Beach, CA",2022-04,284,"Port of Long Beach, CA",POINT(-118.2095 33.73957)
"Port of Long Beach, CA",2022-05,295,"Port of Long Beach, CA",POINT(-118.2095 33.73957)
"Port of Long Beach, CA",2022-06,268,"Port of Long Beach, CA",POINT(-118.2095 33.73957)
"Port of Long Beach, CA",2022-07,256,"Port of Long Beach, CA",POINT(-118.2095 33.73957)
"Port of Long Beach, CA",2022-08,242,"Port of Long Beach, CA",POINT(-118.2095 33.73957)
"Port of Long Beach, CA",2022-09,234,"Port of Long Beach, CA",POINT(-118.2095 33.73957)
"Port of Long Beach, CA",2022-10,238,"Port of Long Beach, CA",POINT(-118.2095 33.73957)
"Port of Long Beach, CA",2022-11,223,"Port of Long Beach, CA",POINT(-118.2095 33.73957)
"Port of Long Beach, CA",2022-12,223,"Port of Long Beach, CA",POINT(-118.2095 33.73957)
"Port of Longview, WA",2022-01,63,"Port of Longview, WA",POINT(-122.914 46.14222)
"Port of Longview, WA",2022-02,51,"Port of Longview, WA",POINT(-122.914 46.14222)
"Port of Longview, WA",2022-03,55,"Port of Longview, WA",POINT(-122.914 46.14222)
"Port of Longview, WA",2022-04,47,"Port of Longview, WA",POINT(-122.914 46.14222)
"Port of Longview, WA",2022-05,52,"Port of Longview, WA",POINT(-122.914 46.14222)
"Port of Longview, WA",2022-06,37,"Port of Longview, WA",POINT(-122.914 46.14222)
"Port of Longview, WA",2022-07,38,"Port of Longview, WA",POINT(-122.914 46.14222)
"Port of Longview, WA",2022-08,55,"Port of Longview, WA",POINT(-122.914 46.14222)
"Port of Longview, WA",2022-09,39,"Port of Longview, WA",POINT(-122.914 46.14222)
"Port of Longview, WA",2022-10,55,"Port of Longview, WA",POINT(-122.914 46.14222)
"Port of Longview, WA",2022-11,52,"Port of Longview, WA",POINT(-122.914 46.14222)
"Port of Longview, WA",2022-12,37,"Port of Longview, WA",POINT(-122.914 46.14222)
"Port of Los Angeles, CA",2022-01,341,"Port of Los Angeles, CA",POINT(-118.2681 33.72664)
"Port of Los Angeles, CA",2022-02,297,"Port of Los Angeles, CA",POINT(-118.2681 33.72664)
"Port of Los Angeles, CA",2022-03,309,"Port of Los Angeles, CA",POINT(-118.2681 33.72664)
"Port of Los Angeles, CA",2022-04,287,"Port of Los Angeles, CA",POINT(-118.2681 33.72664)
"Port of Los Angeles, CA",2022-05,299,"Port of Los Angeles, CA",POINT(-118.2681 33.72664)
"Port of Los Angeles, CA",2022-06,273,"Port of Los Angeles, CA",POINT(-118.2681 33.72664)
"Port of Los Angeles, CA",2022-07,260,"Port of Los Angeles, CA",POINT(-118.2681 33.72664)
"Port of Los Angeles, CA",2022-08,246,"Port of Los Angeles, CA",POINT(-118.2681 33.72664)
"Port of Los Angeles, CA",2022-09,233,"Port of Los Angeles, CA",POINT(-118.2681 33.72664)
"Port of Los Angeles, CA",2022-10,241,"Port of Los Angeles, CA",POINT(-118.2681 33.72664)
"Port of Los Angeles, CA",2022-11,224,"Port of Los Angeles, CA",POINT(-118.2681 33.72664)
"Port of Los Angeles, CA",2022-12,227,"Port of Los Angeles, CA",POINT(-118.2681 33.72664)
"Port of Oakland, CA",2022-01,123,"Port of Oakland, CA",POINT(-122.3081 37.82152)
"Port of Oakland, CA",2022-02,111,"Port of Oakland, CA",POINT(-122.3081 37.82152)
"Port of Oakland, CA",2022-03,136,"Port of Oakland, CA",POINT(-122.3081 37.82152)
"Port of Oakland, CA",2022-04,119,"Port of Oakland, CA",POINT(-122.3081 37.82152)
"Port of Oakland, CA",2022-05,104,"Port of Oakland, CA",POINT(-122.3081 37.82152)
"Port of Oakland, CA",2022-06,108,"Port of Oakland, CA",POINT(-122.3081 37.82152)
"Port of Oakland, CA",2022-07,121,"Port of Oakland, CA",POINT(-122.3081 37.82152)
"Port of Oakland, CA",2022-08,117,"Port of Oakland, CA",POINT(-122.3081 37.82152)
"Port of Oakland, CA",2022-09,95,"Port of Oakland, CA",POINT(-122.3081 37.82152)
"Port of Oakland, CA",2022-10,111,"Port of Oakland, CA",POINT(-122.3081 37.82152)
"Port of Oakland, CA",2022-11,90,"Port of Oakland, CA",POINT(-122.3081 37.82152)
"Port of Oakland, CA",2022-12,116,"Port of Oakland, CA",POINT(-122.3081 37.82152)
"Port of Palm Beach District, FL",2022-01,69,"Port of Palm Beach District, FL",POINT(-80.05267 26.76904)
"Port of Palm Beach District, FL",2022-02,60,"Port of Palm Beach District, FL",POINT(-80.05267 26.76904)
"Port of Palm Beach District, FL",2022-03,67,"Port of Palm Beach District, FL",POINT(-80.05267 26.76904)
"Port of Palm Beach District, FL",2022-04,66,"Port of Palm Beach District, FL",POINT(-80.05267 26.76904)
"Port of Palm Beach District, FL",2022-05,60,"Port of Palm Beach District, FL",POINT(-80.05267 26.76904)
"Port of Palm Beach District, FL",2022-06,53,"Port of Palm Beach District, FL",POINT(-80.05267 26.76904)
"Port of Palm Beach District, FL",2022-07,62,"Port of Palm Beach District, FL",POINT(-80.05267 26.76904)
"Port of Palm Beach District, FL",2022-08,58,"Port of Palm Beach District, FL",POINT(-80.05267 26.76904)
"Port of Palm Beach District, FL",2022-09,58,"Port of Palm Beach District, FL",POINT(-80.05267 26.76904)
"Port of Palm Beach District, FL",2022-10,61,"Port of Palm Beach District, FL",POINT(-80.05267 26.76904)
"Port of Palm Beach District, FL",2022-11,66,"Port of Palm Beach District, FL",POINT(-80.05267 26.76904)
"Port of Palm Beach District, FL",2022-12,67,"Port of Palm Beach District, FL",POINT(-80.05267 26.76904)
"Port of Portland, OR",2022-01,82,"Port of Portland, OR",POINT(-122.6653 45.47881)
"Port of Portland, OR",2022-02,55,"Port of Portland, OR",POINT(-122.6653 45.47881)
"Port of Portland, OR",2022-03,69,"Port of Portland, OR",POINT(-122.6653 45.47881)
"Port of Portland, OR",2022-04,61,"Port of Portland, OR",POINT(-122.6653 45.47881)
"Port of Portland, OR",2022-05,68,"Port of Portland, OR",POINT(-122.6653 45.47881)
"Port of Portland, OR",2022-06,65,"Port of Portland, OR",POINT(-122.6653 45.47881)
"Port of Portland, OR",2022-07,53,"Port of Portland, OR",POINT(-122.6653 45.47881)
"Port of Portland, OR",2022-08,84,"Port of Portland, OR",POINT(-122.6653 45.47881)
"Port of Portland, OR",2022-09,62,"Port of Portland, OR",POINT(-122.6653 45.47881)
"Port of Portland, OR",2022-10,66,"Port of Portland, OR",POINT(-122.6653 45.47881)
"Port of Portland, OR",2022-11,56,"Port of Portland, OR",POINT(-122.6653 45.47881)
"Port of Portland, OR",2022-12,64,"Port of Portland, OR",POINT(-122.6653 45.47881)
"Port of Providence, RI",2022-01,10,"Port of Providence, RI",POINT(-71.39844 41.81178)
"Port of Providence, RI",2022-02,11,"Port of Providence, RI",POINT(-71.39844 41.81178)
"Port of Providence, RI",2022-03,13,"Port of Providence, RI",POINT(-71.39844 41.81178)
"Port of Providence, RI",2022-04,12,"Port of Providence, RI",POINT(-71.39844 41.81178)
"Port of Providence, RI",2022-05,10,"Port of Providence, RI",POINT(-71.39844 41.81178)
"Port of Providence, RI",2022-06,9,"Port of Providence, RI",POINT(-71.39844 41.81178)
"Port of Providence, RI",2022-07,13,"Port of Providence, RI",POINT(-71.39844 41.81178)
"Port of Providence, RI",2022-08,9,"Port of Providence, RI",POINT(-71.39844 41.81178)
"Port of Providence, RI",2022-09,10,"Port of Providence, RI",POINT(-71.39844 41.81178)
"Port of Providence, RI",2022-10,9,"Port of Providence, RI",POINT(-71.39844 41.81178)
"Port of Providence, RI",2022-11,15,"Port of Providence, RI",POINT(-71.39844 41.81178)
"Port of Providence, RI",2022-12,7,"Port of Providence, RI",POINT(-71.39844 41.81178)
"Port of Savannah, GA",2022-01,152,"Port of Savannah, GA",POINT(-81.09538 32.08471)
"Port of Savannah, GA",2022-02,131,"Port of Savannah, GA",POINT(-81.09538 32.08471)
"Port of Savannah, GA",2022-03,146,"Port of Savannah, GA",POINT(-81.09538 32.08471)
"Port of Savannah, GA",2022-04,147,"Port of Savannah, GA",POINT(-81.09538 32.08471)
"Port of Savannah, GA",2022-05,158,"Port of Savannah, GA",POINT(-81.09538 32.08471)
"Port of Savannah, GA",2022-06,161,"Port of Savannah, GA",POINT(-81.09538 32.08471)
"Port of Savannah, GA",2022-07,156,"Port of Savannah, GA",POINT(-81.09538 32.08471)
"Port of Savannah, GA",2022-08,167,"Port of Savannah, GA",POINT(-81.09538 32.08471)
"Port of Savannah, GA",2022-09,144,"Port of Savannah, GA",POINT(-81.09538 32.08471)
"Port of Savannah, GA",2022-10,169,"Port of Savannah, GA",POINT(-81.09538 32.08471)
"Port of Savannah, GA",2022-11,165,"Port of Savannah, GA",POINT(-81.09538 32.08471)
"Port of Savannah, GA",2022-12,158,"Port of Savannah, GA",POINT(-81.09538 32.08471)
"Port of Vancouver USA, WA",2022-01,82,"Port of Vancouver USA, WA",POINT(-122.6806 45.62244)
"Port of Vancouver USA, WA",2022-02,54,"Port of Vancouver USA, WA",POINT(-122.6806 45.62244)
"Port of Vancouver USA, WA",2022-03,66,"Port of Vancouver USA, WA",POINT(-122.6806 45.62244)
"Port of Vancouver USA, WA",2022-04,58,"Port of Vancouver USA, WA",POINT(-122.6806 45.62244)
"Port of Vancouver USA, WA",2022-05,70,"Port of Vancouver USA, WA",POINT(-122.6806 45.62244)
"Port of Vancouver USA, WA",2022-06,60,"Port of Vancouver USA, WA",POINT(-122.6806 45.62244)
"Port of Vancouver USA, WA",2022-07,49,"Port of Vancouver USA, WA",POINT(-122.6806 45.62244)
"Port of Vancouver USA, WA",2022-08,70,"Port of Vancouver USA, WA",POINT(-122.6806 45.62244)
"Port of Vancouver USA, WA",2022-09,59,"Port of Vancouver USA, WA",POINT(-122.6806 45.62244)
"Port of Vancouver USA, WA",2022-10,68,"Port of Vancouver USA, WA",POINT(-122.6806 45.62244)
"Port of Vancouver USA, WA",2022-11,56,"Port of Vancouver USA, WA",POINT(-122.6806 45.62244)
"Port of Vancouver USA, WA",2022-12,57,"Port of Vancouver USA, WA",POINT(-122.6806 45.62244)
"PortMiami, FL",2022-01,109,"PortMiami, FL",POINT(-80.18164 25.78286)
"PortMiami, FL",2022-02,113,"PortMiami, FL",POINT(-80.18164 25.78286)
"PortMiami, FL",2022-03,114,"PortMiami, FL",POINT(-80.18164 25.78286)
"PortMiami, FL",2022-04,111,"PortMiami, FL",POINT(-80.18164 25.78286)
"PortMiami, FL",2022-05,113,"PortMiami, FL",POINT(-80.18164 25.78286)
"PortMiami, FL",2022-06,112,"PortMiami, FL",POINT(-80.18164 25.78286)
"PortMiami, FL",2022-07,102,"PortMiami, FL",POINT(-80.18164 25.78286)
"PortMiami, FL",2022-08,117,"PortMiami, FL",POINT(-80.18164 25.78286)
"PortMiami, FL",2022-09,107,"PortMiami, FL",POINT(-80.18164 25.78286)
"PortMiami, FL",2022-10,110,"PortMiami, FL",POINT(-80.18164 25.78286)
"PortMiami, FL",2022-11,108,"PortMiami, FL",POINT(-80.18164 25.78286)
"PortMiami, FL",2022-12,118,"PortMiami, FL",POINT(-80.18164 25.78286)
"Portland, ME",2022-01,7,"Portland, ME",POINT(-70.25134 43.64951)
"Portland, ME",2022-02,7,"Portland, ME",POINT(-70.25134 43.64951)
"Portland, ME",2022-03,7,"Portland, ME",POINT(-70.25134 43.64951)
"Portland, ME",2022-04,7,"Portland, ME",POINT(-70.25134 43.64951)
"Portland, ME",2022-05,6,"Portland, ME",POINT(-70.25134 43.64951)
"Portland, ME",2022-06,9,"Portland, ME",POINT(-70.25134 43.64951)
"Portland, ME",2022-07,7,"Portland, ME",POINT(-70.25134 43.64951)
"Portland, ME",2022-08,7,"Portland, ME",POINT(-70.25134 43.64951)
"Portland, ME",2022-09,5,"Portland, ME",POINT(-70.25134 43.64951)
"Portland, ME",2022-10,7,"Portland, ME",POINT(-70.25134 43.64951)
"Portland, ME",2022-11,6,"Portland, ME",POINT(-70.25134 43.64951)
"Portland, ME",2022-12,9,"Portland, ME",POINT(-70.25134 43.64951)
"Portsmouth, NH",2022-01,3,"Portsmouth, NH",POINT(-70.73806 43.07398)
"Portsmouth, NH",2022-02,1,"Portsmouth, NH",POINT(-70.73806 43.07398)
"Portsmouth, NH",2022-03,4,"Portsmouth, NH",POINT(-70.73806 43.07398)
"Portsmouth, NH",2022-04,2,"Portsmouth, NH",POINT(-70.73806 43.07398)
"Portsmouth, NH",2022-05,1,"Portsmouth, NH",POINT(-70.73806 43.07398)
"Portsmouth, NH",2022-06,2,"Portsmouth, NH",POINT(-70.73806 43.07398)
"Portsmouth, NH",2022-08,3,"Portsmouth, NH",POINT(-70.73806 43.07398)
"Portsmouth, NH",2022-09,1,"Portsmouth, NH",POINT(-70.73806 43.07398)
"Portsmouth, NH",2022-10,2,"Portsmouth, NH",POINT(-70.73806 43.07398)
"Portsmouth, NH",2022-11,4,"Portsmouth, NH",POINT(-70.73806 43.07398)
"Portsmouth, NH",2022-12,4,"Portsmouth, NH",POINT(-70.73806 43.07398)
"Presque Isle Township, MI",2022-04,13,"Presque Isle Township, MI",POINT(-83.42138 45.29794)
"Presque Isle Township, MI",2022-05,8,"Presque Isle Township, MI",POINT(-83.42138 45.29794)
"Presque Isle Township, MI",2022-06,6,"Presque Isle Township, MI",POINT(-83.42138 45.29794)
"Presque Isle Township, MI",2022-07,11,"Presque Isle Township, MI",POINT(-83.42138 45.29794)
"Presque Isle Township, MI",2022-08,13,"Presque Isle Township, MI",POINT(-83.42138 45.29794)
"Presque Isle Township, MI",2022-09,16,"Presque Isle Township, MI",POINT(-83.42138 45.29794)
"Presque Isle Township, MI",2022-10,19,"Presque Isle Township, MI",POINT(-83.42138 45.29794)
"Presque Isle Township, MI",2022-11,15,"Presque Isle Township, MI",POINT(-83.42138 45.29794)
"Presque Isle Township, MI",2022-12,11,"Presque Isle Township, MI",POINT(-83.42138 45.29794)
"Redwood City, CA",2022-01,4,"Redwood City, CA",POINT(-122.21401 37.50536)
"Redwood City, CA",2022-02,5,"Redwood City, CA",POINT(-122.21401 37.50536)
"Redwood City, CA",2022-03,5,"Redwood City, CA",POINT(-122.21401 37.50536)
"Redwood City, CA",2022-04,5,"Redwood City, CA",POINT(-122.21401 37.50536)
"Redwood City, CA",2022-05,7,"Redwood City, CA",POINT(-122.21401 37.50536)
"Redwood City, CA",2022-06,8,"Redwood City, CA",POINT(-122.21401 37.50536)
"Redwood City, CA",2022-07,6,"Redwood City, CA",POINT(-122.21401 37.50536)
"Redwood City, CA",2022-08,8,"Redwood City, CA",POINT(-122.21401 37.50536)
"Redwood City, CA",2022-09,8,"Redwood City, CA",POINT(-122.21401 37.50536)
"Redwood City, CA",2022-10,5,"Redwood City, CA",POINT(-122.21401 37.50536)
"Redwood City, CA",2022-11,5,"Redwood City, CA",POINT(-122.21401 37.50536)
"Redwood City, CA",2022-12,6,"Redwood City, CA",POINT(-122.21401 37.50536)
"Richmond, CA",2022-01,104,"Richmond, CA",POINT(-122.37423 37.92424)
"Richmond, CA",2022-02,92,"Richmond, CA",POINT(-122.37423 37.92424)
"Richmond, CA",2022-03,114,"Richmond, CA",POINT(-122.37423 37.92424)
"Richmond, CA",2022-04,100,"Richmond, CA",POINT(-122.37423 37.92424)
"Richmond, CA",2022-05,90,"Richmond, CA",POINT(-122.37423 37.92424)
"Richmond, CA",2022-06,93,"Richmond, CA",POINT(-122.37423 37.92424)
"Richmond, CA",2022-07,101,"Richmond, CA",POINT(-122.37423 37.92424)
"Richmond, CA",2022-08,101,"Richmond, CA",POINT(-122.37423 37.92424)
"Richmond, CA",2022-09,81,"Richmond, CA",POINT(-122.37423 37.92424)
"Richmond, CA",2022-10,94,"Richmond, CA",POINT(-122.37423 37.92424)
"Richmond, CA",2022-11,85,"Richmond, CA",POINT(-122.37423 37.92424)
"Richmond, CA",2022-12,99,"Richmond, CA",POINT(-122.37423 37.92424)
"Richmond, VA",2022-03,3,"Richmond, VA",POINT(-77.41936 37.45701)
"Richmond, VA",2022-07,2,"Richmond, VA",POINT(-77.41936 37.45701)
"Richmond, VA",2022-08,1,"Richmond, VA",POINT(-77.41936 37.45701)
"Richmond, VA",2022-12,1,"Richmond, VA",POINT(-77.41936 37.45701)
"Rogers City, MI",2022-04,12,"Rogers City, MI",POINT(-83.81197 45.4223)
"Rogers City, MI",2022-05,19,"Rogers City, MI",POINT(-83.81197 45.4223)
"Rogers City, MI",2022-06,23,"Rogers City, MI",POINT(-83.81197 45.4223)
"Rogers City, MI",2022-07,26,"Rogers City, MI",POINT(-83.81197 45.4223)
"Rogers City, MI",2022-08,32,"Rogers City, MI",POINT(-83.81197 45.4223)
"Rogers City, MI",2022-09,26,"Rogers City, MI",POINT(-83.81197 45.4223)
"Rogers City, MI",2022-10,23,"Rogers City, MI",POINT(-83.81197 45.4223)
"Rogers City, MI",2022-11,33,"Rogers City, MI",POINT(-83.81197 45.4223)
"Rogers City, MI",2022-12,17,"Rogers City, MI",POINT(-83.81197 45.4223)
"Sabine Pass Port Authority, TX",2022-01,19,"Sabine Pass Port Authority, TX",POINT(-93.92777 29.76503)
"Sabine Pass Port Authority, TX",2022-02,28,"Sabine Pass Port Authority, TX",POINT(-93.92777 29.76503)
"Sabine Pass Port Authority, TX",2022-03,32,"Sabine Pass Port Authority, TX",POINT(-93.92777 29.76503)
"Sabine Pass Port Authority, TX",2022-04,21,"Sabine Pass Port Authority, TX",POINT(-93.92777 29.76503)
"Sabine Pass Port Authority, TX",2022-05,23,"Sabine Pass Port Authority, TX",POINT(-93.92777 29.76503)
"Sabine Pass Port Authority, TX",2022-06,23,"Sabine Pass Port Authority, TX",POINT(-93.92777 29.76503)
"Sabine Pass Port Authority, TX",2022-07,21,"Sabine Pass Port Authority, TX",POINT(-93.92777 29.76503)
"Sabine Pass Port Authority, TX",2022-08,25,"Sabine Pass Port Authority, TX",POINT(-93.92777 29.76503)
"Sabine Pass Port Authority, TX",2022-09,28,"Sabine Pass Port Authority, TX",POINT(-93.92777 29.76503)
"Sabine Pass Port Authority, TX",2022-10,26,"Sabine Pass Port Authority, TX",POINT(-93.92777 29.76503)
"Sabine Pass Port Authority, TX",2022-11,17,"Sabine Pass Port Authority, TX",POINT(-93.92777 29.76503)
"Sabine Pass Port Authority, TX",2022-12,24,"Sabine Pass Port Authority, TX",POINT(-93.92777 29.76503)
"Sacramento-Yolo Port, CA",2022-01,5,"Sacramento-Yolo Port, CA",POINT(-121.54154 38.56132)
"Sacramento-Yolo Port, CA",2022-02,6,"Sacramento-Yolo Port, CA",POINT(-121.54154 38.56132)
"Sacramento-Yolo Port, CA",2022-03,8,"Sacramento-Yolo Port, CA",POINT(-121.54154 38.56132)
"Sacramento-Yolo Port, CA",2022-04,6,"Sacramento-Yolo Port, CA",POINT(-121.54154 38.56132)
"Sacramento-Yolo Port, CA",2022-05,12,"Sacramento-Yolo Port, CA",POINT(-121.54154 38.56132)
"Sacramento-Yolo Port, CA",2022-06,10,"Sacramento-Yolo Port, CA",POINT(-121.54154 38.56132)
"Sacramento-Yolo Port, CA",2022-07,10,"Sacramento-Yolo Port, CA",POINT(-121.54154 38.56132)
"Sacramento-Yolo Port, CA",2022-08,8,"Sacramento-Yolo Port, CA",POINT(-121.54154 38.56132)
"Sacramento-Yolo Port, CA",2022-09,7,"Sacramento-Yolo Port, CA",POINT(-121.54154 38.56132)
"Sacramento-Yolo Port, CA",2022-10,6,"Sacramento-Yolo Port, CA",POINT(-121.54154 38.56132)
"Sacramento-Yolo Port, CA",2022-11,5,"Sacramento-Yolo Port, CA",POINT(-121.54154 38.56132)
"Sacramento-Yolo Port, CA",2022-12,4,"Sacramento-Yolo Port, CA",POINT(-121.54154 38.56132)
"San Diego Unified Port, CA",2022-01,19,"San Diego Unified Port, CA",POINT(-117.1784 32.70821)
"San Diego Unified Port, CA",2022-02,17,"San Diego Unified Port, CA",POINT(-117.1784 32.70821)
"San Diego Unified Port, CA",2022-03,17,"San Diego Unified Port, CA",POINT(-117.1784 32.70821)
"San Diego Unified Port, CA",2022-04,21,"San Diego Unified Port, CA",POINT(-117.1784 32.70821)
"San Diego Unified Port, CA",2022-05,20,"San Diego Unified Port, CA",POINT(-117.1784 32.70821)
"San Diego Unified Port, CA",2022-06,17,"San Diego Unified Port, CA",POINT(-117.1784 32.70821)
"San Diego Unified Port, CA",2022-07,22,"San Diego Unified Port, CA",POINT(-117.1784 32.70821)
"San Diego Unified Port, CA",2022-08,18,"San Diego Unified Port, CA",POINT(-117.1784 32.70821)
"San Diego Unified Port, CA",2022-09,20,"San Diego Unified Port, CA",POINT(-117.1784 32.70821)
"San Diego Unified Port, CA",2022-10,23,"San Diego Unified Port, CA",POINT(-117.1784 32.70821)
"San Diego Unified Port, CA",2022-11,20,"San Diego Unified Port, CA",POINT(-117.1784 32.70821)
"San Diego Unified Port, CA",2022-12,16,"San Diego Unified Port, CA",POINT(-117.1784 32.70821)
"San Francisco Port, CA",2022-01,123,"San Francisco Port, CA",POINT(-122.39904 37.80667)
"San Francisco Port, CA",2022-02,111,"San Francisco Port, CA",POINT(-122.39904 37.80667)
"San Francisco Port, CA",2022-03,138,"San Francisco Port, CA",POINT(-122.39904 37.80667)
"San Francisco Port, CA",2022-04,119,"San Francisco Port, CA",POINT(-122.39904 37.80667)
"San Francisco Port, CA",2022-05,106,"San Francisco Port, CA",POINT(-122.39904 37.80667)
"San Francisco Port, CA",2022-06,111,"San Francisco Port, CA",POINT(-122.39904 37.80667)
"San Francisco Port, CA",2022-07,120,"San Francisco Port, CA",POINT(-122.39904 37.80667)
"San Francisco Port, CA",2022-08,117,"San Francisco Port, CA",POINT(-122.39904 37.80667)
"San Francisco Port, CA",2022-09,95,"San Francisco Port, CA",POINT(-122.39904 37.80667)
"San Francisco Port, CA",2022-10,112,"San Francisco Port, CA",POINT(-122.39904 37.80667)
"San Francisco Port, CA",2022-11,89,"San Francisco Port, CA",POINT(-122.39904 37.80667)
"San Francisco Port, CA",2022-12,116,"San Francisco Port, CA",POINT(-122.39904 37.80667)
"San Juan, PR",2022-01,87,"San Juan, PR",POINT(-66.09668 18.43278)
"San Juan, PR",2022-02,89,"San Juan, PR",POINT(-66.09668 18.43278)
"San Juan, PR",2022-03,97,"San Juan, PR",POINT(-66.09668 18.43278)
"San Juan, PR",2022-04,97,"San Juan, PR",POINT(-66.09668 18.43278)
"San Juan, PR",2022-05,97,"San Juan, PR",POINT(-66.09668 18.43278)
"San Juan, PR",2022-06,94,"San Juan, PR",POINT(-66.09668 18.43278)
"San Juan, PR",2022-07,80,"San Juan, PR",POINT(-66.09668 18.43278)
"San Juan, PR",2022-08,100,"San Juan, PR",POINT(-66.09668 18.43278)
"San Juan, PR",2022-09,84,"San Juan, PR",POINT(-66.09668 18.43278)
"San Juan, PR",2022-10,99,"San Juan, PR",POINT(-66.09668 18.43278)
"San Juan, PR",2022-11,96,"San Juan, PR",POINT(-66.09668 18.43278)
"San Juan, PR",2022-12,79,"San Juan, PR",POINT(-66.09668 18.43278)
"Sandusky, OH",2022-01,9,"Sandusky, OH",POINT(-82.71227 41.47022)
"Sandusky, OH",2022-03,4,"Sandusky, OH",POINT(-82.71227 41.47022)
"Sandusky, OH",2022-04,13,"Sandusky, OH",POINT(-82.71227 41.47022)
"Sandusky, OH",2022-05,15,"Sandusky, OH",POINT(-82.71227 41.47022)
"Sandusky, OH",2022-06,21,"Sandusky, OH",POINT(-82.71227 41.47022)
"Sandusky, OH",2022-07,25,"Sandusky, OH",POINT(-82.71227 41.47022)
"Sandusky, OH",2022-08,21,"Sandusky, OH",POINT(-82.71227 41.47022)
"Sandusky, OH",2022-09,38,"Sandusky, OH",POINT(-82.71227 41.47022)
"Sandusky, OH",2022-10,25,"Sandusky, OH",POINT(-82.71227 41.47022)
"Sandusky, OH",2022-11,24,"Sandusky, OH",POINT(-82.71227 41.47022)
"Sandusky, OH",2022-12,30,"Sandusky, OH",POINT(-82.71227 41.47022)
"Searsport, ME",2022-01,2,"Searsport, ME",POINT(-68.92497 44.45285)
"Searsport, ME",2022-02,5,"Searsport, ME",POINT(-68.92497 44.45285)
"Searsport, ME",2022-04,3,"Searsport, ME",POINT(-68.92497 44.45285)
"Searsport, ME",2022-05,4,"Searsport, ME",POINT(-68.92497 44.45285)
"Searsport, ME",2022-06,2,"Searsport, ME",POINT(-68.92497 44.45285)
"Searsport, ME",2022-07,3,"Searsport, ME",POINT(-68.92497 44.45285)
"Searsport, ME",2022-08,1,"Searsport, ME",POINT(-68.92497 44.45285)
"Searsport, ME",2022-09,3,"Searsport, ME",POINT(-68.92497 44.45285)
"Searsport, ME",2022-10,5,"Searsport, ME",POINT(-68.92497 44.45285)
"Searsport, ME",2022-11,5,"Searsport, ME",POINT(-68.92497 44.45285)
"Seattle, WA",2022-01,63,"Seattle, WA",POINT(-122.35922 47.58771)
"Seattle, WA",2022-02,45,"Seattle, WA",POINT(-122.35922 47.58771)
"Seattle, WA",2022-03,59,"Seattle, WA",POINT(-122.35922 47.58771)
"Seattle, WA",2022-04,50,"Seattle, WA",POINT(-122.35922 47.58771)
"Seattle, WA",2022-05,62,"Seattle, WA",POINT(-122.35922 47.58771)
"Seattle, WA",2022-06,54,"Seattle, WA",POINT(-122.35922 47.58771)
"Seattle, WA",2022-07,51,"Seattle, WA",POINT(-122.35922 47.58771)
"Seattle, WA",2022-08,59,"Seattle, WA",POINT(-122.35922 47.58771)
"Seattle, WA",2022-09,41,"Seattle, WA",POINT(-122.35922 47.58771)
"Seattle, WA",2022-10,64,"Seattle, WA",POINT(-122.35922 47.58771)
"Seattle, WA",2022-11,55,"Seattle, WA",POINT(-122.35922 47.58771)
"Seattle, WA",2022-12,56,"Seattle, WA",POINT(-122.35922 47.58771)
"Silver Bay, MN",2022-06,2,"Silver Bay, MN",POINT(-91.25639 47.29421)
"Silver Bay, MN",2022-07,1,"Silver Bay, MN",POINT(-91.25639 47.29421)
"Silver Bay, MN",2022-08,1,"Silver Bay, MN",POINT(-91.25639 47.29421)
"Silver Bay, MN",2022-10,1,"Silver Bay, MN",POINT(-91.25639 47.29421)
"South Jersey Port District, NJ",2022-01,97,"South Jersey Port District, NJ",POINT(-75.26109 39.84645)
"South Jersey Port District, NJ",2022-02,91,"South Jersey Port District, NJ",POINT(-75.26109 39.84645)
"South Jersey Port District, NJ",2022-03,93,"South Jersey Port District, NJ",POINT(-75.26109 39.84645)
"South Jersey Port District, NJ",2022-04,105,"South Jersey Port District, NJ",POINT(-75.26109 39.84645)
"South Jersey Port District, NJ",2022-05,94,"South Jersey Port District, NJ",POINT(-75.26109 39.84645)
"South Jersey Port District, NJ",2022-06,83,"South Jersey Port District, NJ",POINT(-75.26109 39.84645)
"South Jersey Port District, NJ",2022-07,89,"South Jersey Port District, NJ",POINT(-75.26109 39.84645)
"South Jersey Port District, NJ",2022-08,103,"South Jersey Port District, NJ",POINT(-75.26109 39.84645)
"South Jersey Port District, NJ",2022-09,95,"South Jersey Port District, NJ",POINT(-75.26109 39.84645)
"South Jersey Port District, NJ",2022-10,101,"South Jersey Port District, NJ",POINT(-75.26109 39.84645)
"South Jersey Port District, NJ",2022-11,90,"South Jersey Port District, NJ",POINT(-75.26109 39.84645)
"South Jersey Port District, NJ",2022-12,107,"South Jersey Port District, NJ",POINT(-75.26109 39.84645)
"South Louisiana, LA, Port of",2022-01,102,"South Louisiana, LA, Port of",POINT(-90.61794 30.03345)
"South Louisiana, LA, Port of",2022-02,85,"South Louisiana, LA, Port of",POINT(-90.61794 30.03345)
"South Louisiana, LA, Port of",2022-03,85,"South Louisiana, LA, Port of",POINT(-90.61794 30.03345)
"South Louisiana, LA, Port of",2022-04,78,"South Louisiana, LA, Port of",POINT(-90.61794 30.03345)
"South Louisiana, LA, Port of",2022-05,74,"South Louisiana, LA, Port of",POINT(-90.61794 30.03345)
"South Louisiana, LA, Port of",2022-06,59,"South Louisiana, LA, Port of",POINT(-90.61794 30.03345)
"South Louisiana, LA, Port of",2022-07,65,"South Louisiana, LA, Port of",POINT(-90.61794 30.03345)
"South Louisiana, LA, Port of",2022-08,54,"South Louisiana, LA, Port of",POINT(-90.61794 30.03345)
"South Louisiana, LA, Port of",2022-09,72,"South Louisiana, LA, Port of",POINT(-90.61794 30.03345)
"South Louisiana, LA, Port of",2022-10,78,"South Louisiana, LA, Port of",POINT(-90.61794 30.03345)
"South Louisiana, LA, Port of",2022-11,76,"South Louisiana, LA, Port of",POINT(-90.61794 30.03345)
"South Louisiana, LA, Port of",2022-12,85,"South Louisiana, LA, Port of",POINT(-90.61794 30.03345)
"St. Louis Metro Port, IL and MO",2022-01,4,"St. Louis Metro Port, IL and MO",POINT(-90.18417 38.61752)
"St. Louis Metro Port, IL and MO",2022-02,4,"St. Louis Metro Port, IL and MO",POINT(-90.18417 38.61752)
"St. Louis Metro Port, IL and MO",2022-03,1,"St. Louis Metro Port, IL and MO",POINT(-90.18417 38.61752)
"St. Louis Metro Port, IL and MO",2022-04,4,"St. Louis Metro Port, IL and MO",POINT(-90.18417 38.61752)
"St. Louis Metro Port, IL and MO",2022-05,2,"St. Louis Metro Port, IL and MO",POINT(-90.18417 38.61752)
"St. Louis Metro Port, IL and MO",2022-06,1,"St. Louis Metro Port, IL and MO",POINT(-90.18417 38.61752)
"St. Louis Metro Port, IL and MO",2022-07,4,"St. Louis Metro Port, IL and MO",POINT(-90.18417 38.61752)
"St. Louis Metro Port, IL and MO",2022-08,5,"St. Louis Metro Port, IL and MO",POINT(-90.18417 38.61752)
"St. Louis Metro Port, IL and MO",2022-09,6,"St. Louis Metro Port, IL and MO",POINT(-90.18417 38.61752)
"St. Louis Metro Port, IL and MO",2022-10,9,"St. Louis Metro Port, IL and MO",POINT(-90.18417 38.61752)
"St. Louis Metro Port, IL and MO",2022-11,7,"St. Louis Metro Port, IL and MO",POINT(-90.18417 38.61752)
"St. Louis Metro Port, IL and MO",2022-12,5,"St. Louis Metro Port, IL and MO",POINT(-90.18417 38.61752)
"Stockton, CA",2022-01,20,"Stockton, CA",POINT(-121.3156 37.9527)
"Stockton, CA",2022-02,17,"Stockton, CA",POINT(-121.3156 37.9527)
"Stockton, CA",2022-03,17,"Stockton, CA",POINT(-121.3156 37.9527)
"Stockton, CA",2022-04,19,"Stockton, CA",POINT(-121.3156 37.9527)
"Stockton, CA",2022-05,15,"Stockton, CA",POINT(-121.3156 37.9527)
"Stockton, CA",2022-06,9,"Stockton, CA",POINT(-121.3156 37.9527)
"Stockton, CA",2022-07,13,"Stockton, CA",POINT(-121.3156 37.9527)
"Stockton, CA",2022-08,16,"Stockton, CA",POINT(-121.3156 37.9527)
"Stockton, CA",2022-09,14,"Stockton, CA",POINT(-121.3156 37.9527)
"Stockton, CA",2022-10,14,"Stockton, CA",POINT(-121.3156 37.9527)
"Stockton, CA",2022-11,12,"Stockton, CA",POINT(-121.3156 37.9527)
"Stockton, CA",2022-12,11,"Stockton, CA",POINT(-121.3156 37.9527)
"Tacoma, WA",2022-01,86,"Tacoma, WA",POINT(-122.4515 47.28966)
"Tacoma, WA",2022-02,79,"Tacoma, WA",POINT(-122.4515 47.28966)
"Tacoma, WA",2022-03,66,"Tacoma, WA",POINT(-122.4515 47.28966)
"Tacoma, WA",2022-04,55,"Tacoma, WA",POINT(-122.4515 47.28966)
"Tacoma, WA",2022-05,62,"Tacoma, WA",POINT(-122.4515 47.28966)
"Tacoma, WA",2022-06,66,"Tacoma, WA",POINT(-122.4515 47.28966)
"Tacoma, WA",2022-07,59,"Tacoma, WA",POINT(-122.4515 47.28966)
"Tacoma, WA",2022-08,57,"Tacoma, WA",POINT(-122.4515 47.28966)
"Tacoma, WA",2022-09,56,"Tacoma, WA",POINT(-122.4515 47.28966)
"Tacoma, WA",2022-10,70,"Tacoma, WA",POINT(-122.4515 47.28966)
"Tacoma, WA",2022-11,70,"Tacoma, WA",POINT(-122.4515 47.28966)
"Tacoma, WA",2022-12,57,"Tacoma, WA",POINT(-122.4515 47.28966)
"Tampa Port Authority, FL",2022-01,83,"Tampa Port Authority, FL",POINT(-82.52235 27.78534)
"Tampa Port Authority, FL",2022-02,69,"Tampa Port Authority, FL",POINT(-82.52235 27.78534)
"Tampa Port Authority, FL",2022-03,74,"Tampa Port Authority, FL",POINT(-82.52235 27.78534)
"Tampa Port Authority, FL",2022-04,68,"Tampa Port Authority, FL",POINT(-82.52235 27.78534)
"Tampa Port Authority, FL",2022-05,77,"Tampa Port Authority, FL",POINT(-82.52235 27.78534)
"Tampa Port Authority, FL",2022-06,73,"Tampa Port Authority, FL",POINT(-82.52235 27.78534)
"Tampa Port Authority, FL",2022-07,61,"Tampa Port Authority, FL",POINT(-82.52235 27.78534)
"Tampa Port Authority, FL",2022-08,73,"Tampa Port Authority, FL",POINT(-82.52235 27.78534)
"Tampa Port Authority, FL",2022-09,55,"Tampa Port Authority, FL",POINT(-82.52235 27.78534)
"Tampa Port Authority, FL",2022-10,77,"Tampa Port Authority, FL",POINT(-82.52235 27.78534)
"Tampa Port Authority, FL",2022-11,60,"Tampa Port Authority, FL",POINT(-82.52235 27.78534)
"Tampa Port Authority, FL",2022-12,57,"Tampa Port Authority, FL",POINT(-82.52235 27.78534)
"Terrebonne Parish Port, LA",2022-01,5,"Terrebonne Parish Port, LA",POINT(-90.65905 29.57907)
"Terrebonne Parish Port, LA",2022-02,1,"Terrebonne Parish Port, LA",POINT(-90.65905 29.57907)
"Terrebonne Parish Port, LA",2022-03,3,"Terrebonne Parish Port, LA",POINT(-90.65905 29.57907)
"Terrebonne Parish Port, LA",2022-04,2,"Terrebonne Parish Port, LA",POINT(-90.65905 29.57907)
"Terrebonne Parish Port, LA",2022-05,3,"Terrebonne Parish Port, LA",POINT(-90.65905 29.57907)
"Terrebonne Parish Port, LA",2022-06,3,"Terrebonne Parish Port, LA",POINT(-90.65905 29.57907)
"Terrebonne Parish Port, LA",2022-07,2,"Terrebonne Parish Port, LA",POINT(-90.65905 29.57907)
"Terrebonne Parish Port, LA",2022-09,1,"Terrebonne Parish Port, LA",POINT(-90.65905 29.57907)
"Terrebonne Parish Port, LA",2022-10,2,"Terrebonne Parish Port, LA",POINT(-90.65905 29.57907)
"Terrebonne Parish Port, LA",2022-11,2,"Terrebonne Parish Port, LA",POINT(-90.65905 29.57907)
"Terrebonne Parish Port, LA",2022-12,1,"Terrebonne Parish Port, LA",POINT(-90.65905 29.57907)
"Texas City, TX",2022-01,28,"Texas City, TX",POINT(-94.91809 29.36307)
"Texas City, TX",2022-02,27,"Texas City, TX",POINT(-94.91809 29.36307)
"Texas City, TX",2022-03,37,"Texas City, TX",POINT(-94.91809 29.36307)
"Texas City, TX",2022-04,31,"Texas City, TX",POINT(-94.91809 29.36307)
"Texas City, TX",2022-05,26,"Texas City, TX",POINT(-94.91809 29.36307)
"Texas City, TX",2022-06,30,"Texas City, TX",POINT(-94.91809 29.36307)
"Texas City, TX",2022-07,33,"Texas City, TX",POINT(-94.91809 29.36307)
"Texas City, TX",2022-08,34,"Texas City, TX",POINT(-94.91809 29.36307)
"Texas City, TX",2022-09,52,"Texas City, TX",POINT(-94.91809 29.36307)
"Texas City, TX",2022-10,49,"Texas City, TX",POINT(-94.91809 29.36307)
"Texas City, TX",2022-11,47,"Texas City, TX",POINT(-94.91809 29.36307)
"Texas City, TX",2022-12,40,"Texas City, TX",POINT(-94.91809 29.36307)
"Toledo-Lucas County Port, OH",2022-01,12,"Toledo-Lucas County Port, OH",POINT(-83.50751 41.66294)
"Toledo-Lucas County Port, OH",2022-03,1,"Toledo-Lucas County Port, OH",POINT(-83.50751 41.66294)
"Toledo-Lucas County Port, OH",2022-04,22,"Toledo-Lucas County Port, OH",POINT(-83.50751 41.66294)
"Toledo-Lucas County Port, OH",2022-05,26,"Toledo-Lucas County Port, OH",POINT(-83.50751 41.66294)
"Toledo-Lucas County Port, OH",2022-06,26,"Toledo-Lucas County Port, OH",POINT(-83.50751 41.66294)
"Toledo-Lucas County Port, OH",2022-07,23,"Toledo-Lucas County Port, OH",POINT(-83.50751 41.66294)
"Toledo-Lucas County Port, OH",2022-08,17,"Toledo-Lucas County Port, OH",POINT(-83.50751 41.66294)
"Toledo-Lucas County Port, OH",2022-09,18,"Toledo-Lucas County Port, OH",POINT(-83.50751 41.66294)
"Toledo-Lucas County Port, OH",2022-10,25,"Toledo-Lucas County Port, OH",POINT(-83.50751 41.66294)
"Toledo-Lucas County Port, OH",2022-11,22,"Toledo-Lucas County Port, OH",POINT(-83.50751 41.66294)
"Toledo-Lucas County Port, OH",2022-12,22,"Toledo-Lucas County Port, OH",POINT(-83.50751 41.66294)
"Two Harbors, MN",2022-01,10,"Two Harbors, MN",POINT(-91.67069 47.01455)
"Two Harbors, MN",2022-03,3,"Two Harbors, MN",POINT(-91.67069 47.01455)
"Two Harbors, MN",2022-04,13,"Two Harbors, MN",POINT(-91.67069 47.01455)
"Two Harbors, MN",2022-05,25,"Two Harbors, MN",POINT(-91.67069 47.01455)
"Two Harbors, MN",2022-06,14,"Two Harbors, MN",POINT(-91.67069 47.01455)
"Two Harbors, MN",2022-07,30,"Two Harbors, MN",POINT(-91.67069 47.01455)
"Two Harbors, MN",2022-08,28,"Two Harbors, MN",POINT(-91.67069 47.01455)
"Two Harbors, MN",2022-09,29,"Two Harbors, MN",POINT(-91.67069 47.01455)
"Two Harbors, MN",2022-10,25,"Two Harbors, MN",POINT(-91.67069 47.01455)
"Two Harbors, MN",2022-11,20,"Two Harbors, MN",POINT(-91.67069 47.01455)
"Two Harbors, MN",2022-12,18,"Two Harbors, MN",POINT(-91.67069 47.01455)
"Virginia, VA, Port of",2022-01,181,"Virginia, VA, Port of",POINT(-76.31174 36.86642)
"Virginia, VA, Port of",2022-02,182,"Virginia, VA, Port of",POINT(-76.31174 36.86642)
"Virginia, VA, Port of",2022-03,178,"Virginia, VA, Port of",POINT(-76.31174 36.86642)
"Virginia, VA, Port of",2022-04,179,"Virginia, VA, Port of",POINT(-76.31174 36.86642)
"Virginia, VA, Port of",2022-05,189,"Virginia, VA, Port of",POINT(-76.31174 36.86642)
"Virginia, VA, Port of",2022-06,185,"Virginia, VA, Port of",POINT(-76.31174 36.86642)
"Virginia, VA, Port of",2022-07,192,"Virginia, VA, Port of",POINT(-76.31174 36.86642)
"Virginia, VA, Port of",2022-08,199,"Virginia, VA, Port of",POINT(-76.31174 36.86642)
"Virginia, VA, Port of",2022-09,193,"Virginia, VA, Port of",POINT(-76.31174 36.86642)
"Virginia, VA, Port of",2022-10,206,"Virginia, VA, Port of",POINT(-76.31174 36.86642)
"Virginia, VA, Port of",2022-11,185,"Virginia, VA, Port of",POINT(-76.31174 36.86642)
"Virginia, VA, Port of",2022-12,183,"Virginia, VA, Port of",POINT(-76.31174 36.86642)
"Wilmington, DE",2022-01,32,"Wilmington, DE",POINT(-75.50697 39.71589)
"Wilmington, DE",2022-02,35,"Wilmington, DE",POINT(-75.50697 39.71589)
"Wilmington, DE",2022-03,45,"Wilmington, DE",POINT(-75.50697 39.71589)
"Wilmington, DE",2022-04,45,"Wilmington, DE",POINT(-75.50697 39.71589)
"Wilmington, DE",2022-05,34,"Wilmington, DE",POINT(-75.50697 39.71589)
"Wilmington, DE",2022-06,23,"Wilmington, DE",POINT(-75.50697 39.71589)
"Wilmington, DE",2022-07,30,"Wilmington, DE",POINT(-75.50697 39.71589)
"Wilmington, DE",2022-08,32,"Wilmington, DE",POINT(-75.50697 39.71589)
"Wilmington, DE",2022-09,31,"Wilmington, DE",POINT(-75.50697 39.71589)
"Wilmington, DE",2022-10,26,"Wilmington, DE",POINT(-75.50697 39.71589)
"Wilmington, DE",2022-11,27,"Wilmington, DE",POINT(-75.50697 39.71589)
"Wilmington, DE",2022-12,36,"Wilmington, DE",POINT(-75.50697 39.71589)
"Wilmington, NC",2022-01,27,"Wilmington, NC",POINT(-77.9505 34.22737)
"Wilmington, NC",2022-02,24,"Wilmington, NC",POINT(-77.9505 34.22737)
"Wilmington, NC",2022-03,35,"Wilmington, NC",POINT(-77.9505 34.22737)
"Wilmington, NC",2022-04,27,"Wilmington, NC",POINT(-77.9505 34.22737)
"Wilmington, NC",2022-05,28,"Wilmington, NC",POINT(-77.9505 34.22737)
"Wilmington, NC",2022-06,33,"Wilmington, NC",POINT(-77.9505 34.22737)
"Wilmington, NC",2022-07,28,"Wilmington, NC",POINT(-77.9505 34.22737)
"Wilmington, NC",2022-08,29,"Wilmington, NC",POINT(-77.9505 34.22737)
"Wilmington, NC",2022-09,29,"Wilmington, NC",POINT(-77.9505 34.22737)
"Wilmington, NC",2022-10,33,"Wilmington, NC",POINT(-77.9505 34.22737)
"Wilmington, NC",2022-11,28,"Wilmington, NC",POINT(-77.9505 34.22737)
"Wilmington, NC",2022-12,40,"Wilmington, NC",POINT(-77.9505 34.22737)